Player,TEAM,POS,AGE,GP,MPG,Minutes Percentage,Usage Rate,Turnover Rate,FTA,FT%,2PA,2P%,3PA,3P%,Effective Shooting Percentage,True Shooting Percentage,Points per game,Rebounds per game,Total Rebound Percentage,Assists per game,Assist Percentage,Steals per game,Blocks per game,Turnovers per game.,Versatility index,Offensive Rating,Defensive Rating
Precious_Achiuwa,Mia,F,21.43,31,14.2,29.7,19.4,16.1,70,0.529,131,0.573,0,0,0.573,0.578,6,4,15.6,0.6,6.9,0.39,0.55,1,6.9,106.1,98.2
Jaylen_Adams,Mil,G,24.81,7,2.6,5.4,18.5,0,0,0,6,0.167,2,0,0.125,0.125,0.3,0.4,8.7,0.3,12.7,0,0,0,5.1,,
Steven_Adams,Nor,C,27.6,27,28.2,58.6,12.9,20.1,62,0.468,155,0.606,1,0,0.603,0.592,8,8.9,17.5,2.1,10.2,0.96,0.56,1.7,7.5,118.7,110.5
Bam_Adebayo,Mia,C-F,23.6,29,33.9,70.5,24.2,16.5,167,0.844,367,0.575,6,0.333,0.574,0.637,19.6,9.5,15.7,5.5,28.2,0.93,1,3.03,11.9,120.2,103
LaMarcu_Aldridge,San,C-F,35.6,18,26.7,55.6,22.3,6.4,21,0.762,158,0.525,67,0.358,0.529,0.542,14.1,4.3,8.4,1.9,11.4,0.39,0.89,0.89,7.3,107.3,108.9
Ty-Shon Alexander,Pho,G,22.61,3,2.8,5.8,16.2,0,0,0,2,0,1,0,0,0,0,0.3,6.7,0.3,13.9,0,0,0,0,,
Nickeil Alexander-Walker,Nor,G,22.48,25,17.9,37.4,22.5,12.7,33,0.788,104,0.529,88,0.273,0.474,0.504,8.3,2.5,7.7,1.8,14.7,1.04,0.32,1.2,7.5,99.7,106.8
Grayson Allen,Mem,G,25.38,21,24.3,50.6,16,11,38,0.895,46,0.413,108,0.407,0.552,0.597,9.7,3,6.6,2.1,11.8,1.1,0.14,1,6.5,116.5,110.4
Jarrett Allen,Bro,C,22.84,12,26.6,55.5,15.5,19.3,61,0.754,65,0.677,0,0,0.677,0.73,11.2,10.4,22,1.7,8.2,0.58,1.58,1.83,8.8,134.9,107.7
Jarrett Allen,Cle,C,22.84,18,27.2,56.7,18.2,12,86,0.721,141,0.681,4,0.25,0.672,0.703,14.3,8.6,17.6,1.7,10.3,0.39,1.72,1.39,8.7,133.2,112
Al-Farouq Aminu,Orl,F,30.43,4,12.1,25.1,13.5,26.3,5,0.6,5,0.8,4,0.25,0.611,0.625,3.5,3.5,14.9,1.5,17.6,1,0.5,1,8.7,107.4,104
Kyle Anderson,Mem,F-G,27.43,26,27.9,58.1,19.8,11.2,70,0.771,163,0.528,107,0.402,0.557,0.59,13.7,6.2,12,3.6,18.5,1.08,0.69,1.46,9.7,116.8,107.4
Giannis Antetokounmpo,Mil,F,26.22,30,33.8,70.3,33.4,14,315,0.654,437,0.625,118,0.28,0.581,0.613,28.4,11.9,18.4,5.9,28.1,1.23,1.3,3.77,14.9,117.4,100
Kostas Antetokounmpo,Lal,F,23.26,1,7.7,16,22.6,50,0,0,2,0,0,0,0,0,0,4,29.1,0,0,0,2,2,0,0,87.1
Thanasis Antetokounmpo,Mil,F,28.6,21,8.8,18.3,12.9,29.9,11,0.545,28,0.679,7,0.286,0.629,0.628,2.4,2,12.2,0.7,10.1,0.24,0.19,0.81,6.8,107.5,96.7
Carmelo Anthony,Por,F,36.74,29,25.2,52.4,23.4,7.5,80,0.838,207,0.401,128,0.375,0.463,0.509,13,3.4,7.3,1.3,7.6,0.86,0.72,1.03,6.1,104.4,111
Cole Anthony,Orl,G,20.78,25,26.7,55.6,22.1,15.1,55,0.836,186,0.398,83,0.325,0.426,0.469,11,4.4,8.6,3.8,21.4,0.68,0.44,2.08,8.5,95.1,106.8
OG Anunoby,Tor,F,23.61,20,33.8,70.4,16.6,13,53,0.755,95,0.579,109,0.404,0.593,0.62,14.1,6,9.7,1.5,6.5,1.8,0.6,1.7,5.9,114,105.6
Ryan Arcidiacono,Chi,G,26.92,14,11.1,23,13,6.4,7,0.857,17,0.529,24,0.292,0.476,0.51,3.2,2,10,1.5,17.4,0.29,0,0.21,7.7,116.6,106.7
D.J. Augustin,Mil,G,33.29,30,18.8,39.2,15.3,12.6,38,0.895,58,0.293,106,0.358,0.451,0.504,6.1,1.3,3.6,3.1,19.7,0.53,0.03,0.87,6.2,111.8,112.4
Deni Avdija,Was,F,20.14,24,22.4,46.6,12.8,12,19,0.579,59,0.525,79,0.367,0.54,0.547,6.7,5,11.6,1.5,9.3,0.75,0.17,0.83,6.6,105.5,103.5
Deandre Ayton,Pho,C,22.59,30,31.7,65.9,18.8,15.1,69,0.725,291,0.612,16,0.25,0.599,0.62,13.9,11.9,20.8,1.8,8.3,0.27,1.07,2,8.4,118.3,100.2
Udoka Azubuike,Uta,C-F,21.44,12,4.1,8.5,11.1,23.7,6,0.667,7,0.571,0,0,0.571,0.622,1,1.1,14.1,0,0,0.08,0.33,0.25,0,107.3,92.8
Dwayne Bacon,Orl,G-F,25.49,31,24.3,50.7,18.7,6.1,57,0.807,199,0.442,86,0.372,0.477,0.513,10.3,3,6.4,1,6.1,0.74,0.1,0.65,5.2,103.7,108.2
Marvin Bagley III,Sac,F,21.95,28,25.4,52.9,23.2,10.3,84,0.548,234,0.513,77,0.39,0.531,0.54,13.4,7.5,16,1,5.9,0.5,0.46,1.43,7.3,106,110.3
LaMelo Ball,Cha,G,19.51,30,28.2,58.8,24.9,16.8,72,0.806,222,0.491,157,0.35,0.505,0.537,14.7,6.1,11.7,6.1,33,1.63,0.37,2.77,11.6,107.9,103.7
Lonzo Ball,Nor,G,23.33,27,31.4,65.3,20.2,14.2,35,0.743,121,0.488,207,0.391,0.55,0.563,14.3,4.3,7.6,5,22.3,1.33,0.52,2.11,8.6,111.8,109.7
Mo Bamba,Orl,C,22.79,14,8.7,18.2,22.2,7.9,6,0.667,40,0.625,16,0.25,0.554,0.563,4.7,3.7,21.9,0.3,5.7,0.14,0.79,0.36,8,114,95.9
Desmond Bane,Mem,G,22.67,23,23,47.9,17.2,12.1,20,0.85,84,0.488,96,0.458,0.594,0.612,10,2.7,6.4,1.5,9,0.7,0.13,1.13,6,111.9,109.5
Harrison Barnes,Sac,F,28.74,27,35.1,73.2,17.2,9.9,115,0.843,180,0.539,116,0.388,0.556,0.615,15.8,6.2,9.6,3.4,13.1,0.78,0.19,1.41,7.9,123.2,118.5
RJ Barrett,Nyk,F-G,20.69,31,33.7,70.3,24.2,10.7,121,0.736,355,0.465,103,0.311,0.465,0.504,16.6,6.1,9.4,3,14.5,0.74,0.23,1.97,8,101.8,104.3
Will Barton,Den,G,30.13,27,29.8,62.1,18,12.9,45,0.733,163,0.454,107,0.411,0.519,0.54,11.6,3.6,7,3.2,14.5,0.78,0.44,1.59,6.9,106.5,112
Keita Bates-Diop,San,F,25.09,8,3.3,7,18.7,0,6,0.833,5,0,4,0,0,0.215,0.6,0.4,5.8,0.3,8.7,0.13,0,0,5,,
Nicolas Batum,Lac,G-F,32.19,29,29.9,62.3,11.5,8.9,32,0.813,61,0.541,130,0.446,0.628,0.649,9.2,4.9,9.1,2.2,9.8,1.31,0.41,0.69,6.2,131.7,108.4
Aron_Baynes,Tor,C-F,34.21,28,19.1,39.7,15.5,13,15,0.733,102,0.529,59,0.203,0.447,0.462,5.5,5.4,15.7,1,7.2,0.29,0.32,0.89,6.5,97.5,99.6
Kent Bazemore,Gol,G-F,31.65,29,16.7,34.8,16.2,16.8,30,0.8,74,0.554,66,0.439,0.604,0.63,6.7,3.2,10,1.7,14.5,0.86,0.55,1.07,7.9,112.2,98.1
Darius Bazley,Okc,F-G,20.7,31,30.8,64.1,19.4,12.5,60,0.767,189,0.471,157,0.299,0.461,0.49,11.8,7.2,12.3,1.7,8.3,0.52,0.65,1.71,6.8,91.4,109.6
Bradley Beal,Was,G,27.66,26,35.6,74.2,36,10.5,214,0.888,437,0.542,191,0.335,0.53,0.593,32.9,5.3,7.8,4.7,24.6,1.42,0.46,3.27,10.5,114,110.3
Malik Beasley,Min,G,24.24,31,33,68.7,24.6,8.3,70,0.843,250,0.504,264,0.398,0.552,0.575,20.2,4.8,7.8,2.5,12.4,0.84,0.19,1.58,7.6,110.6,114
Jordan Bell,Was,F,26.13,3,16.6,34.6,14.9,16.7,0,0,13,0.385,2,0,0.333,0.333,3.3,5.3,16.8,1.7,13.3,0.33,1,1,7.5,83.6,107.7
DeAndre' Bembry,Tor,G-F,26.64,22,15.6,32.5,11.6,18.3,13,0.538,51,0.667,19,0.421,0.657,0.654,4.5,1.9,6.7,1.7,15.2,0.55,0.27,0.77,6.3,120.5,107
Davis Bertans,Was,F,28.28,25,26.2,54.6,16.3,5.4,54,0.833,25,0.36,195,0.369,0.532,0.572,11.2,3.2,6.4,1,5.2,0.68,0.28,0.56,5,114.1,109.1
Patrick Beverley,Lac,G,32.62,22,24.4,50.8,14.1,11.7,33,0.788,49,0.449,88,0.443,0.588,0.617,8.5,4.1,9.4,2.2,12.1,0.95,0.73,0.91,7,124.3,99.4
Saddiq Bey,Det,F,21.88,28,21.1,44,18,8.5,48,0.833,64,0.422,140,0.407,0.551,0.589,9.5,3.8,9.9,1,7.1,0.54,0.04,0.75,6.3,113.1,108.5
Tyler Bey,Dal,F,23.04,4,3.2,6.6,23.5,0,4,0.5,5,0.4,0,0,0.4,0.444,1.5,0.8,13,0,0,0,0.25,0,0,,
Khem Birch,Orl,C,28.4,31,21.2,44.1,12.3,10,65,0.738,130,0.531,12,0.25,0.518,0.572,6.3,5.6,13.7,1.1,7.6,0.65,0.77,0.61,6.4,124.4,106.4
Goga Bitadze,Ind,C-F,21.6,13,9.5,19.9,16.5,8.5,12,0.75,26,0.769,12,0.167,0.605,0.635,4.2,2.2,12.9,0.2,3.5,0.23,1.08,0.31,5.2,123.5,94.6
Bismack Biyombo,Cha,C,28.49,28,22.1,46.1,11.7,15.9,47,0.447,121,0.579,1,0,0.574,0.564,5.8,5.5,13.4,1.4,8.6,0.25,1.18,0.96,6.4,113.7,104.6
Nemanja Bjelica,Sac,F,32.79,15,17.2,35.8,21,14.1,33,0.788,57,0.596,38,0.263,0.516,0.566,8.3,4,12.7,2.1,17.5,0.13,0.13,1.2,9.6,111.6,110.6
Eric Bledsoe,Nor,G,31.21,29,28.6,59.7,19.2,13.1,59,0.644,147,0.49,152,0.395,0.542,0.557,12.5,3.4,6.6,3.6,17.3,0.66,0.31,1.69,7.5,110,114.6
Keljin Blevins,Por,G,25.25,9,5.2,10.9,12.7,21.4,0,0,7,0.286,4,0,0.182,0.182,0.4,0.2,2.3,0.4,10.6,0.22,0,0.33,2.4,47.3,112.9
Bojan Bogdanovic,Uta,F,31.85,31,30.7,63.9,20.9,10.8,96,0.844,170,0.471,200,0.39,0.532,0.576,15.3,3.9,6.8,2.1,9.9,0.42,0.06,1.61,6.5,112.9,107.3
Bogdan Bogdanovic,Atl,G,28.52,9,23.7,49.3,18.6,11.8,9,0.889,20,0.45,58,0.362,0.519,0.543,9.9,3.8,8.7,2.1,13.1,0.44,0.11,1.22,7.2,105.3,107.7
Bol Bol,Den,C-F,21.27,13,5.9,12.3,14.1,24.1,2,0.5,11,0.545,7,0.429,0.583,0.583,1.7,0.7,6.7,0.2,5.1,0.15,0.31,0.46,4.2,88.2,106.4
Marques Bolden,Cle,C,22.86,6,4.8,9.9,12.8,23.5,8,0.625,3,0.333,0,0,0.333,0.537,1.2,1.2,13.7,0,0,0.33,0.33,0.33,0,99.1,116.1
Jordan Bone,Orl,G,23.3,14,14,29.2,12.4,5.3,0,0,22,0.591,32,0.313,0.519,0.519,4,1.7,6.3,1.3,13.2,0.14,0,0.21,5.9,113.3,110.9
Isaac Bonga,Was,G,21.29,18,13.1,27.2,8.3,16.9,3,0.667,15,0.4,23,0.391,0.513,0.521,2.3,2.2,8.9,0.5,4.8,0.22,0.22,0.44,4.2,99.6,105.6
Devin Booker,Pho,G,24.32,26,34.5,71.8,30.9,14.4,138,0.848,320,0.556,147,0.381,0.561,0.607,24.7,3.8,6.1,4.3,20.6,0.77,0.27,3.42,8.6,109.4,105.1
Chris Boucher,Tor,F-C,28.12,31,23.3,48.6,20.1,6.2,94,0.755,163,0.583,113,0.451,0.621,0.652,13.4,6.6,15.6,1.1,7.3,0.52,2,0.68,7.9,130.7,101.3
Brian Bowen II,Ind,F-G,22.4,1,5.1,10.6,20.8,0,1,1,2,0.5,0,0,0.5,0.615,3,1,10.8,0,0,0,0,0,0,127.5,115.9
Avery Bradley,Mia,G,30.25,10,21.1,43.9,16.6,11.4,9,0.778,28,0.536,38,0.421,0.591,0.607,8.5,1.8,4.8,1.4,10.2,0.7,0.1,0.9,5.3,109.5,101.4
Tony Bradley,Phi,C-F,23.13,10,11.7,24.4,14.1,2.6,5,0.6,35,0.543,1,0,0.528,0.537,4.1,5,23.3,0.6,7.4,0.3,0.6,0.1,7.9,130.3,101
Jarrell Brantley,Uta,F,24.71,8,2.8,5.8,17.2,11.1,0,0,2,0,6,0.5,0.563,0.563,1.1,0.5,9.5,0,0,0.13,0.13,0.13,0,,
Ignas Brazdeikis,Nyk,F,22.13,4,1.8,3.7,17.9,34.7,2,1,1,0,0,0,0,0.532,0.5,0.5,14.7,0.3,17.6,0,0,0.25,9.4,,
Miles Bridges,Cha,F,22.93,30,26.6,55.4,16.2,17.5,35,0.943,129,0.55,105,0.371,0.553,0.585,9.7,5.7,11.6,1.9,10.1,0.63,0.77,1.77,7.1,106.7,106.5
Mikal Bridges,Pho,F,24.48,30,32.5,67.8,15.7,6.1,69,0.841,149,0.611,142,0.415,0.617,0.649,13.9,5.1,8.7,2.2,9.5,0.63,0.97,0.7,6.6,130.7,109.2
Malcolm Brogdon,Ind,G,28.2,29,36,75.1,26.2,9.5,85,0.906,338,0.47,195,0.395,0.515,0.549,21.6,4.8,7.3,6.6,28.1,1.28,0.28,2.07,9.8,112.6,110.5
Dillon Brooks,Mem,G-F,25.09,24,29.2,60.8,27.1,12.3,50,0.8,226,0.447,144,0.319,0.459,0.485,15.8,3.2,6,2.6,13.4,1.33,0.38,2.29,7,94.2,104.9
Troy Brown Jr.,Was,G-F,21.58,13,15.8,32.9,15.8,14.1,12,0.583,26,0.423,36,0.306,0.444,0.461,4.8,3.5,11.5,1,8.5,0.15,0.15,0.85,6.5,91.4,106.1
Bruce Brown,Bro,G-F,24.52,28,19.7,41.1,14.5,12.5,36,0.667,122,0.623,23,0.174,0.566,0.584,6.7,4.5,12.8,1.1,7.2,0.79,0.36,0.82,6.5,117,106.3
Jaylen Brown,Bos,G-F,24.33,28,33.7,70.2,30.9,11.7,137,0.766,371,0.539,171,0.409,0.563,0.594,25.5,5.5,9.1,3.9,20.4,1.14,0.54,2.86,9.7,113.7,106.2
Moses Brown,Okc,C,21.37,7,4.5,9.3,23.9,5.8,14,0.5,10,0.7,0,0,0.7,0.65,3,2.1,25,0.4,16.4,0.14,0.57,0.14,12.1,135,94.5
Sterling Brown,Hou,G-F,26.04,27,21.6,45,14.1,9.9,11,0.909,67,0.507,102,0.431,0.592,0.604,7.8,3.9,9.5,1.8,12,0.93,0.26,0.7,7,118.5,103.3
Jalen Brunson,Dal,G,24.48,25,24.2,50.5,19.4,11.6,58,0.879,138,0.594,73,0.384,0.588,0.632,12,3.4,7.6,3.6,22.5,0.4,0,1.24,8.7,123.4,112.4
Thomas Bryant,Was,C-F,23.57,10,27.1,56.4,17.2,9.8,24,0.667,70,0.714,21,0.429,0.698,0.704,14.3,6.1,11.8,1.5,8.7,0.4,0.8,1.1,7.5,130.9,106.1
Reggie Bullock,Nyk,G-F,29.94,26,26.9,56.1,14.2,8.4,19,0.842,77,0.468,121,0.372,0.523,0.54,8.6,3.4,6.6,1.3,7.1,0.69,0.23,0.73,5,106.9,103.1
Trey Burke,Dal,G,28.28,28,17,35.4,19.1,7.7,27,0.852,87,0.494,92,0.391,0.542,0.568,7.8,1.1,3.4,1.5,13.4,0.75,0.07,0.57,5.5,112.9,110.2
Alec Burks,Nyk,G,29.6,19,25.2,52.5,19.4,9.5,49,0.837,78,0.385,90,0.411,0.509,0.559,11.2,4.7,9.7,2,12,0.79,0.26,1.05,7.5,112.1,103.5
Jimmy Butler,Mia,F,31.44,19,32.9,68.6,26.6,11.5,155,0.858,238,0.458,25,0.16,0.437,0.548,19.1,7.6,13,7.6,37.7,1.84,0.37,2.26,12.6,118.6,107.1
Bruno Caboclo,Hou,F,25.43,6,6.1,12.6,25.6,18.3,2,0.5,12,0.667,5,0,0.471,0.475,2.8,2.3,20.3,0.2,4.6,0,0.33,0.67,7.1,83.4,93.5
Devontae Cacok,Lal,F,24.38,2,2.6,5.3,8.5,0,0,0,1,1,0,0,1,1,1,0,0,0,0,0.5,0,0,0,,
Kentavious Caldwell-Pope,Lal,G,28.01,28,26.1,54.3,14.3,12.5,32,0.875,86,0.488,110,0.427,0.574,0.602,9,2.3,4.8,1.4,7.2,0.71,0.32,1.07,4.7,111.4,104.5
Facundo Campazzo,Den,G,29.92,27,15,31.2,15.7,15.1,35,0.8,34,0.441,74,0.405,0.556,0.6,5.5,0.8,3,2,17,0.93,0.15,0.81,5.5,117.2,103.8
Vlatko Cancar,Den,F,23.87,15,3.2,6.6,18.2,25.2,2,0.5,6,0.333,8,0.125,0.25,0.269,0.5,0.8,14.4,0.1,2.6,0.27,0.13,0.33,4.3,,
Clint Capela,Atl,C,26.77,27,29.4,61.3,20,10.4,87,0.563,296,0.598,0,0,0.598,0.603,14.9,13.9,25.6,1,5.5,0.78,2.19,1.44,8,120.6,103.4
Vernon Carey Jr.,Cha,F-C,20,3,2.1,4.4,26.3,0,2,0.5,2,0.5,1,0,0.333,0.387,1,1,25.6,0.3,23.1,0,0.33,0,12.8,,
Wendell Carter Jr.,Chi,C-F,21.86,19,26.9,56.1,20.2,15.3,76,0.724,155,0.574,17,0.294,0.561,0.604,13.1,7.7,15.8,2.2,11.7,0.68,0.84,1.95,9,114.4,102.2
Jevon Carter,Pho,G,25.44,26,10.5,21.9,13.6,6,2,1,24,0.458,53,0.302,0.455,0.462,2.8,1.4,7.5,1.3,15.7,0.42,0.27,0.19,6.6,106.1,100.9
Michael Carter-Williams,Orl,G,29.37,12,25.5,53.2,18.5,17.3,27,0.741,75,0.373,23,0.174,0.347,0.4,7.3,5,10.1,3.3,18.5,0.58,0.58,1.92,7.7,89.2,103.6
Alex Caruso,Lal,G,26.99,25,19.6,40.8,13.3,19.3,14,0.857,58,0.466,57,0.404,0.535,0.557,5.4,2.5,7.1,2.4,16.1,1.12,0.2,1.16,6.5,106.8,99.2
Willie Cauley-Stein,Dal,C,27.52,27,17.6,36.6,12.7,10.9,46,0.652,97,0.639,5,0.2,0.623,0.642,5.8,4.7,14.5,0.7,5.9,0.41,0.74,0.56,6.1,128,101
Chris Chiozza,Bro,G,25.26,12,9.3,19.3,21.4,14.6,11,0.818,24,0.292,18,0.278,0.345,0.406,3.2,0.9,5.6,2.3,31.8,0.33,0.17,0.67,8.1,98.9,111.7
Marquese Chriss,Gol,F,23.65,2,13.4,27.8,28.2,11.3,4,0.5,9,0.444,5,0.2,0.393,0.412,6.5,6.5,25.5,1,11.2,0,1,1,10.4,87.4,96.4
Brandon Clarke,Mem,F-G,24.43,22,27.4,57.2,19,5.2,46,0.674,196,0.541,40,0.325,0.532,0.55,12.8,5.5,11,1.7,9.3,1.14,0.68,0.64,7.2,115.3,109.1
Gary Clark,Orl,F,26.27,26,21,43.7,9.4,12.5,7,0.857,15,0.467,87,0.264,0.407,0.423,3.4,3.6,8.8,0.9,5.8,0.38,0.23,0.58,4.2,94.8,110.3
Jordan Clarkson,Uta,G,28.71,31,26.2,54.5,28.4,10.4,49,0.959,197,0.558,263,0.38,0.565,0.589,18.3,3.9,8,2.1,13.4,1.03,0.23,1.81,8.1,113.1,105.2
Amir Coffey,Lac,G-F,23.69,20,7.7,16,14.9,15.4,9,0.333,19,0.526,21,0.524,0.663,0.637,2.8,0.8,5.5,0.4,7.1,0.2,0,0.4,5,110.5,109
John Collins,Atl,F-C,23.42,30,31.5,65.5,21.2,8.7,89,0.854,287,0.585,103,0.379,0.581,0.616,17.6,7.5,13,1.6,8.3,0.47,1,1.37,7.6,121,105
Mike Conley,Uta,G,33.37,25,29.2,60.8,23.1,12.2,73,0.822,143,0.49,170,0.412,0.559,0.594,16.4,3.4,6.3,5.6,28.8,1.44,0.12,1.92,9.3,123.2,104.8
Pat Connaughton,Mil,G,28.13,28,20,41.6,11.7,5.1,15,0.8,47,0.553,95,0.389,0.574,0.589,6.3,3.9,10.2,1.4,8.8,0.68,0.46,0.29,6.5,127.8,105.6
Quinn Cook,Lal,G,27.92,16,3.9,8.1,21.8,9.6,5,0.8,13,0.538,13,0.385,0.558,0.585,2.1,0.3,4.5,0.3,12,0.06,0.06,0.19,5.9,,
DeMarcus Cousins,Hou,C,30.53,25,20.2,42.2,23.1,14.2,59,0.746,94,0.426,116,0.336,0.469,0.511,9.6,7.6,19.9,2.4,17.9,0.84,0.72,1.56,11.1,101.8,92.6
Robert Covington,Por,F,30.2,28,31.3,65.2,11.8,13.2,20,0.85,60,0.45,141,0.34,0.493,0.512,7.7,6.3,10.7,1.8,7.5,1.61,1.07,1.14,5.7,104.3,109
Torrey Craig,Mil,F,30.18,16,11.4,23.8,10.5,10.9,2,0.5,21,0.429,19,0.421,0.525,0.526,2.7,2.4,11.2,0.8,7.9,0.56,0.31,0.31,6.1,115.4,99.3
Jae Crowder,Pho,F,30.64,27,27.4,57.1,16.4,6.7,33,0.848,55,0.491,183,0.361,0.529,0.554,10.4,5,10.1,2.2,10.7,0.93,0.19,0.67,7.1,112.9,104.3
Jarrett Culver,Min,G-F,22.01,16,21.2,44.2,18.3,14.3,33,0.606,80,0.538,31,0.258,0.495,0.518,8.1,5,12.6,0.9,6.5,0.69,0.38,1.31,6.3,99,105.3
Seth Curry,Phi,G,30.51,24,29.6,61.7,17,13,48,0.938,119,0.496,108,0.454,0.584,0.625,12.9,2,3.8,2.7,13,0.79,0.29,1.54,5.6,117.2,109.6
Stephen Curry,Gol,G,32.95,30,34.1,71.1,32.4,12,155,0.935,262,0.573,357,0.423,0.608,0.653,29.9,5.4,8.3,6.2,32.2,1.17,0.07,3.13,11.7,119.8,107.8
Anthony Davis,Lal,F-C,27.96,23,32.8,68.4,27.9,9.3,129,0.713,325,0.575,58,0.293,0.555,0.588,22.5,8.4,14.3,3,15.6,1.39,1.78,1.96,10.1,115.6,100.9
Ed Davis,Min,C-F,31.72,19,13.9,29,8.4,11.4,8,0.875,43,0.419,0,0,0.419,0.462,2.3,5.1,19.6,1,9.5,0.53,0.53,0.32,6.5,121.1,95
Terence Davis,Tor,G,23.78,25,13.7,28.6,20.9,11.4,12,0.917,58,0.5,84,0.393,0.553,0.57,6.7,1.8,7.1,1,10.8,0.56,0.12,0.76,6.7,105.5,103.3
DeMar DeRozan,San,G-F,31.55,25,33.4,69.6,23.2,9.1,169,0.893,288,0.514,48,0.333,0.512,0.603,19.8,5,7.8,6.9,30.8,0.76,0.32,1.64,10.5,126,108.9
Hamidou Diallo,Okc,G,22.57,31,24.2,50.4,23.1,12.3,132,0.629,252,0.516,39,0.282,0.503,0.539,12.1,5.2,11.3,2.5,16.3,1,0.39,1.58,8.9,105.1,100.9
Gorgui Dieng,Mem,C,31.1,20,18,37.4,16.6,15.7,39,0.872,58,0.552,43,0.488,0.629,0.681,8.1,4.8,14.4,1.4,10.8,0.85,0.7,1.1,8.4,125.4,102.9
Spencer Dinwiddie,Bro,G,27.89,3,21.4,44.7,16,21.2,6,1,9,0.444,7,0.286,0.438,0.536,6.7,4.3,11.3,3,17.4,0.67,0.33,1.67,8.3,102.1,109.5
Donte DiVincenzo,Mil,G,24.06,31,26.5,55.1,16.9,11.2,23,0.609,131,0.458,152,0.388,0.525,0.53,10,4.5,8.9,2.8,13.5,1.1,0.23,1.19,7.6,109.9,107.8
Luka Doncic,Dal,F-G,21.99,28,35.2,73.4,36,14.6,233,0.773,385,0.548,204,0.333,0.531,0.583,28.8,8.6,13.3,9.3,47,1.07,0.68,4.21,15,114.3,109
Luguentz Dort,Okc,G,21.85,30,29.9,62.2,19.7,10.9,79,0.747,150,0.493,176,0.318,0.485,0.52,12.5,3.5,6.1,1.5,7.6,0.83,0.27,1.47,5.4,97.9,106.5
Damyean Dotson,Cle,G,26.8,26,20.2,42,17.7,10.2,26,0.692,85,0.553,97,0.278,0.481,0.499,7.4,1.7,4.8,2.3,16.8,0.42,0.15,0.85,6.1,103,115.9
Devon Dotson,Chi,G,21.56,1,9.5,19.8,18,0,0,0,4,0.5,0,0,0.5,0.5,4,1,5.8,0,0,0,0,0,0,98.1,107.7
Sekou Doumbouya,Det,F,20.17,26,13,27,17.6,11.7,23,0.739,67,0.403,44,0.273,0.405,0.442,4.1,2.5,10.8,0.5,6.2,0.38,0.08,0.62,5.3,89.6,103.6
PJ Dozier,Den,G-F,24.33,17,19.4,40.5,15.6,11,25,0.72,57,0.509,37,0.405,0.548,0.576,7.1,4.1,12.1,1.4,9.3,0.59,0.59,0.76,7.1,116,106.7
Goran Dragic,Mia,G,34.8,17,26.5,55.3,26.3,19.1,47,0.809,117,0.521,78,0.359,0.528,0.566,14.4,3.1,6.5,5.3,33.4,0.53,0.12,3,9.3,103.4,104.2
Andre Drummond,Cle,C,27.54,25,28.9,60.2,30.9,15.6,129,0.597,373,0.483,8,0,0.472,0.499,17.5,13.5,26.2,2.6,15.8,1.6,1.16,3.24,11.8,97.3,101.2
Jared Dudley,Lal,F,35.63,7,3.5,7.4,1.8,0,0,0,0,0,1,1,1.5,1.5,0.4,0.9,13.5,0.3,9.8,0,0,0,5.4,,
Kevin Durant,Bro,F,32.4,19,35.8,74.5,31.3,13.7,145,0.869,246,0.565,113,0.434,0.592,0.652,29,7.3,11.5,5.2,23.4,0.74,1.42,3.53,11.5,119.2,110.2
Anthony Edwards,Min,G,19.55,31,28.5,59.3,24.8,9.7,73,0.795,257,0.42,179,0.313,0.44,0.472,14.3,3.6,6.8,2.5,13.6,0.74,0.35,1.61,7.1,94.7,114.2
Carsen Edwards,Bos,G,22.95,13,10.3,21.6,19.7,4.8,9,0.778,25,0.56,30,0.333,0.527,0.551,5,1,5.4,0.4,5.6,0.31,0.08,0.23,4.9,112.2,104.2
CJ Elleby,Por,F-G,20.69,13,8.1,16.8,15.5,7.9,9,0.667,12,0.75,19,0.263,0.532,0.558,3,1.1,7.1,0.2,4,0.31,0.23,0.23,4.3,112.8,101.9
Wayne Ellington,Det,G,33.24,23,22.8,47.5,16.9,6.8,21,0.714,42,0.524,140,0.421,0.607,0.617,10.3,1.8,4.4,1.4,9.7,0.39,0.22,0.61,5.2,118.8,111.6
Joel Embiid,Phi,C-F,26.94,25,32.8,68.3,34,12.4,292,0.853,375,0.563,74,0.392,0.567,0.656,30.3,11.3,18.9,3.1,16.9,1.32,1.36,3.28,12.4,123.9,101.4
James Ennis III,Orl,F,30.65,22,21.5,44.9,13.2,13.7,35,0.8,68,0.515,43,0.442,0.572,0.613,7,3.9,9.2,1.4,9.4,0.86,0.27,0.91,6.3,117.9,103.3
Drew Eubanks,San,F-C,24.06,11,12.6,26.3,15.1,10.2,16,0.75,37,0.432,0,0,0.432,0.5,4,3.4,13.8,0.4,3.8,0.09,1.36,0.45,5.6,101.5,102.3
Dante Exum,Cle,G,25.62,6,19.4,40.3,12.5,20.7,2,0.5,15,0.533,11,0.182,0.423,0.428,3.8,2.8,8.2,2.2,15.4,0.67,0.33,1.17,5.9,86.6,110.1
Tacko Fall,Bos,C,25.21,6,8.2,17,14.4,6.1,8,0.375,12,0.667,0,0,0.667,0.612,3.2,3.7,24.9,0,0,0,1.33,0.17,0,130.2,93.5
Derrick Favors,Uta,F,29.61,29,16.5,34.3,13.6,11.2,48,0.813,112,0.625,1,0,0.619,0.667,6.2,5.6,18,0.9,7.7,0.55,1,0.59,7.6,137.3,92.4
Cristiano Felicio,Chi,F-C,28.63,6,6.4,13.2,11.8,28.5,8,0.625,4,0.75,0,0,0.75,0.731,1.8,2,17.4,0.8,16.3,0.33,0,0.5,8.9,135.4,105.8
Terrance Ferguson,Phi,G,22.77,7,3.5,7.2,7,25,0,0,0,0,3,0,0,0,0,0.1,2.3,0.3,9.6,0,0,0.14,0,,
Bruno Fernando,Atl,F-C,22.53,16,8.9,18.6,12.4,28.8,15,0.6,21,0.476,2,0,0.435,0.49,1.8,3.5,21.3,0.6,8.4,0.13,0.13,0.75,7,91.7,100.7
Yogi Ferrell,Cle,G,20,2,20.3,42.2,26.4,12.1,2,0,12,0.417,9,0.333,0.452,0.434,9.5,3,8.3,2.5,20.1,1.5,0.5,1.5,8.2,90.7,106.8
Dorian Finney-Smith,Dal,F,27.81,20,30.7,64,11.9,7.2,12,0.833,47,0.596,103,0.359,0.557,0.57,8.9,5,8.9,1.3,5.5,0.95,0.4,0.6,5,117.8,108.7
Malachi Flynn,Tor,G,22.79,15,8.4,17.4,17.7,7.7,6,0.667,19,0.368,26,0.192,0.322,0.346,2.2,0.7,4.8,1.1,17.4,0.27,0,0.27,5.7,83.9,106.9
Bryn Forbes,Mil,G,27.59,31,18.9,39.4,18.3,7.4,23,0.696,90,0.489,138,0.464,0.614,0.622,9.5,1.3,3.6,0.5,3.9,0.26,0,0.61,3.9,116,111
Trent Forrest,Uta,G,22.7,5,2.8,5.8,8.9,0,2,1,0,0,2,0,0,0.347,0.4,0.4,7.7,0.2,8.4,0.4,0,0,4.5,,
Evan Fournier,Orl,G-F,28.32,17,29,60.4,26.2,12.2,90,0.811,114,0.553,112,0.375,0.558,0.612,19.1,2.9,5.1,3.9,22.8,1,0.35,2.18,8.3,116.3,108
De'Aaron Fox,Sac,G,23.18,29,33.3,69.4,29.9,13.7,184,0.679,354,0.523,152,0.336,0.517,0.552,22.3,3.2,5.3,7.1,33.5,1.28,0.45,3.21,9.6,109.6,114
Tim Frazier,Mem,G,20,3,10.8,22.6,14.4,27.3,0,0,6,0.333,2,0,0.25,0.25,1.3,1.3,6.7,2.3,26.6,0.33,0,1,5.8,67.9,103.5
Markelle Fultz,Orl,G,22.74,8,26.9,56,25.9,13.8,19,0.895,88,0.42,16,0.25,0.413,0.458,12.9,3.1,6,5.4,32.2,0.88,0.25,2.25,8.9,96.5,106.6
Wenyen Gabriel,Nor,F,23.92,4,3.1,6.5,10.3,0,0,0,2,0,1,0,0,0,0,1.3,22.4,0.3,9.2,0,0,0,0,,
Daniel Gafford,Chi,F-C,22.4,25,13.5,28.1,13.7,17.5,37,0.676,73,0.671,0,0,0.671,0.689,4.9,3.1,12.6,0.6,6.4,0.48,1.24,0.76,6.2,126.2,100.7
Danilo Gallinari,Atl,F,32.54,18,20,41.6,22.4,11.1,61,0.934,62,0.387,79,0.367,0.479,0.572,10.7,3.1,8.3,1.3,9.9,0.33,0.11,1.17,7,111.2,106.7
Langston Galloway,Pho,G,29.21,25,10.5,21.8,16.5,7.3,16,1,36,0.472,46,0.457,0.591,0.635,4.5,1,5.5,0.6,8.5,0.16,0,0.28,5.3,123.2,110.4
Darius Garland,Cle,G,21.08,23,32.7,68.2,22.9,14.2,37,0.892,230,0.474,98,0.398,0.511,0.534,16,2.2,3.8,5.4,27.1,1.13,0.13,2.48,7,105.1,112.7
Marc Gasol,Lal,C,36.07,32,20.3,42.4,10.6,18.3,31,0.806,44,0.455,72,0.361,0.509,0.552,4.5,4.2,11.5,2,12.2,0.5,1.31,0.91,6.6,110.5,96
Rudy Gay,San,F-G,34.52,26,22,45.8,23,9.8,43,0.767,146,0.459,112,0.366,0.498,0.524,11.2,5.2,12.1,1.5,10.1,0.73,0.5,1.15,8.1,101.8,103.5
Paul George,Lac,F,30.81,22,33.6,70,29,16.5,94,0.894,194,0.546,170,0.471,0.621,0.661,24.4,6.2,10.3,5.5,26.5,1.18,0.55,3.64,11.2,119,106.6
Taj Gibson,Nyk,F,35.67,9,14.3,29.7,9.1,7.5,8,0.375,16,0.625,5,0.2,0.548,0.53,2.9,3.6,13,0.6,5.4,0.44,0.44,0.22,5.2,120.4,95.5
Harry Giles III,Por,F-C,22.84,22,11.8,24.6,14.1,18.6,18,0.722,54,0.426,8,0.375,0.444,0.486,3.1,4.9,22,0.9,10.3,0.23,0.41,0.73,8.1,104,97.3
Shai Gilgeous-Alexander,Okc,G-F,22.62,25,33.9,70.7,27.3,13.7,166,0.783,268,0.549,118,0.407,0.567,0.619,22.7,5.2,8,6.5,32.9,0.84,0.6,2.92,10.8,117.4,107.8
Anthony Gill,Was,F,28.35,10,6.5,13.6,9.4,20.3,4,0.75,3,0.667,7,0.143,0.35,0.425,1,1.9,15.2,0.3,5.7,0.3,0.2,0.3,5.1,88.5,109.2
Rudy Gobert,Uta,C,28.66,31,30.3,63.1,17.7,14.2,171,0.591,257,0.642,1,0,0.64,0.647,13.9,13.5,23.8,1.3,6.1,0.39,2.81,1.77,8.2,124.2,98.8
Brandon Goodwin,Atl,G,25.4,23,12.4,25.8,18.8,9.6,24,0.708,51,0.373,52,0.269,0.388,0.427,4.2,1.2,5.1,1.9,21.4,0.43,0,0.52,6.9,97.5,108.9
Aaron Gordon,Orl,F,25.44,19,29.1,60.5,23.3,17.6,80,0.613,129,0.465,84,0.369,0.5,0.528,13.8,7.2,12.8,4.2,22.1,0.74,0.84,2.79,10.3,101.3,106.3
Eric Gordon,Hou,G,32.16,23,29.3,61.1,25.2,11,95,0.842,133,0.609,181,0.337,0.549,0.597,18.5,2.3,4.1,2.8,15.7,0.52,0.48,1.91,6.7,111.9,111.4
Devonte' Graham,Cha,G,26,25,32.8,68.4,19.5,9.3,71,0.775,108,0.361,201,0.343,0.461,0.5,13.6,3,4.9,5.7,24.3,1,0,1.4,7.5,110.2,113.4
Jerami Grant,Det,F,26.95,30,36.4,75.8,26.4,7.8,182,0.885,333,0.474,202,0.376,0.508,0.573,23.5,5.1,7.8,3,14.4,0.73,1.17,1.73,7.8,114.5,109.1
Danny Green,Phi,G,33.67,31,28.5,59.4,13.7,14.6,17,0.647,56,0.464,182,0.385,0.55,0.556,8.8,3.5,6.8,1.8,8.5,1.13,0.74,1.35,5.4,105.4,107.5
Draymond Green,Gol,F,30.98,26,29.3,60.9,12.5,29.9,34,0.676,93,0.43,49,0.224,0.398,0.433,5.2,5.7,10.2,8.1,35,1.19,0.65,2.58,8.5,101.1,100.9
JaMychal Green,Den,F-C,30.68,25,20.5,42.7,18.8,11.8,32,0.844,84,0.464,96,0.427,0.558,0.587,9.1,6,16.7,1,6.5,0.6,0.28,1.04,7.4,114.8,100.2
Javonte Green,Bos,G-F,27.59,19,14.7,30.7,13.3,13.8,29,0.69,41,0.585,21,0.333,0.556,0.595,4.7,2.4,9.1,0.4,3.9,0.84,0.11,0.63,4.5,114.8,105.6
Jeff Green,Bro,F,34.49,32,26.5,55.2,13.4,9.9,45,0.822,100,0.59,116,0.422,0.613,0.64,9.4,3.6,7.6,1.4,6.7,0.72,0.25,0.81,5.5,121,111
Josh Green,Dal,G,20.27,17,12.5,26,10.7,21.2,11,0.545,24,0.625,12,0.167,0.5,0.514,2.5,2.2,9.8,0.6,6.8,0.24,0.06,0.65,4.8,99.7,110.8
Blake Griffin,Det,F,31.94,20,31.3,65.2,19.4,11.4,62,0.71,98,0.429,124,0.315,0.453,0.491,12.3,5.2,9.2,3.9,18.8,0.7,0.15,1.6,8,101.2,109
Kyle Guy,Sac,G,23.54,12,8.1,16.8,19.5,2.2,8,0.875,19,0.421,21,0.238,0.388,0.437,3.2,1.1,7.3,1.1,18,0.33,0,0.08,7.8,106.6,114.3
Rui Hachimura,Was,F,23.04,21,30,62.5,18,7.7,85,0.788,162,0.519,54,0.296,0.5,0.558,13.5,5.5,9.6,1.8,8.6,0.76,0.1,1,6.8,113.4,109.8
Ashton Hagans,Min,G-F,21.63,2,2.1,4.3,10.3,100,0,0,0,0,0,0,,,0,0,0,0,0,0,0,0.5,0,,
Tyrese Haliburton,Sac,G,20.98,28,29.7,61.8,16.8,13.1,19,0.842,130,0.562,147,0.442,0.616,0.626,12.8,3.5,6.4,5.3,24.9,1.25,0.61,1.54,8.3,124.4,117.9
Josh Hall,Okc,F,20.38,7,7.3,15.2,21.3,15.9,7,0.429,10,0.3,8,0.125,0.25,0.285,1.7,1.3,9.2,1,18.7,0,0,0.57,7.1,65.6,101
R.J. Hampton,Den,G,20.04,23,9.2,19.1,14,16.3,8,0.625,35,0.486,18,0.278,0.462,0.478,2.3,1.9,11.9,0.5,7.3,0.22,0.09,0.48,5.6,94.7,105.8
Tim Hardaway Jr.,Dal,G-F,28.94,28,30.5,63.5,22.2,6,70,0.786,152,0.507,222,0.405,0.567,0.592,17.1,3.2,5.8,1.5,7.6,0.64,0.14,0.93,5.7,113.9,114
James Harden,Hou,G,31.5,8,36.3,75.5,28.7,16.9,60,0.883,64,0.547,72,0.347,0.533,0.61,24.8,5.1,7.5,10.4,46.9,0.88,0.75,4.13,12.1,118.8,109.6
James Harden,Bro,G,31.5,18,38.4,80.1,25.9,18,123,0.878,150,0.587,134,0.41,0.6,0.664,24.9,8.3,12.1,11.4,43,1.22,0.72,4.11,13.9,127.7,109.5
Maurice Harkless,Mia,F-G,27.79,10,10.9,22.8,5.2,15.5,2,0,2,0,8,0.5,0.6,0.551,1.2,0.9,4.6,0.7,8.5,0.2,0.3,0.2,3.3,110.2,103.9
Jared Harper,Nyk,G,23.44,2,2.7,5.5,24,34.7,2,1,1,0,0,0,0,0.532,1,0,0,0,0,0,0,0.5,0,,
Montrezl Harrell,Lal,F-C,27.08,32,24.2,50.5,20.5,10.4,114,0.754,272,0.651,5,0,0.639,0.672,13.8,6.4,14.7,1.1,7.1,0.69,0.72,1.19,7.6,128.6,98.7
Gary Harris,Den,G,26.44,19,30.6,63.8,13.7,8.2,30,0.733,80,0.563,75,0.32,0.523,0.547,9.7,2.5,4.6,1.7,7.2,0.89,0.21,0.79,4.5,111.7,112.6
Jalen Harris,Tor,G,22.53,2,2.2,4.6,9.8,100,0,0,0,0,0,0,,,0,0.5,12.5,0,0,0,0,0.5,0,,
Joe Harris,Bro,G-F,29.47,32,31.1,64.8,16.3,7.2,27,0.704,121,0.579,214,0.5,0.688,0.692,15,3.5,6.3,1.8,8.2,0.56,0.22,0.84,5.9,129.2,112.1
Shaquille Harrison,Uta,G,27.38,17,3.3,6.8,21.3,18.1,6,0.833,18,0.333,2,0,0.3,0.375,1,0.5,8.6,0.5,21.6,0.12,0,0.29,7.6,,
Tobias Harris,Phi,F,28.61,28,34.6,72.2,23.1,10.7,94,0.894,314,0.554,119,0.403,0.568,0.607,20.6,7.8,12.3,3.4,15.6,0.79,0.82,2.04,9.5,118.1,106
Isaiah Hartenstein,Den,C-F,22.81,20,8.9,18.6,21.2,18.4,29,0.552,58,0.534,0,0,0.534,0.551,3.9,2.7,17.2,0.6,8.7,0.45,0.7,0.8,8.3,107.4,89.3
Josh Hart,Nor,G,25.97,30,28.4,59.1,12.8,9,54,0.722,85,0.6,123,0.358,0.563,0.589,9.1,7.6,15,2.1,9.7,0.77,0.27,0.77,7.4,122.4,108
Jaxson Hayes,Nor,C-F,20.75,23,12.1,25.3,13.2,18.5,28,0.679,58,0.655,0,0,0.655,0.675,4.1,3.5,16,0.4,4.4,0.35,0.35,0.7,5.9,121.2,100.5
Killian Hayes,Det,G,19.58,7,21.1,44,18.7,26.6,2,0.5,26,0.308,20,0.25,0.337,0.341,4.6,1.1,3,3.6,24.4,0.29,0,2.43,5,69.9,108.7
Gordon Hayward,Cha,F,30.92,28,35,72.9,24.7,9.9,120,0.867,314,0.519,144,0.424,0.556,0.6,21.9,5.4,8.2,3.7,17.1,1.25,0.43,2,8.7,116.7,111
Juancho Hernangomez,Min,F,25.41,14,18,37.5,15.2,6.6,15,0.667,31,0.516,47,0.34,0.513,0.532,6.4,4.7,14,0.5,4,0.36,0.14,0.43,5.5,108.1,111.5
Willy Hernangomez,Nor,C-F,26.75,15,17.9,37.3,16.4,6.8,27,0.593,79,0.532,5,0.2,0.518,0.537,6.9,7.3,22.8,1.2,9.4,0.47,0.4,0.47,8.8,123.9,109.3
Tyler Herro,Mia,G,21.09,22,33.3,69.4,24,14.1,53,0.755,186,0.527,131,0.344,0.522,0.545,16.9,6.1,10.2,3.8,19.1,0.45,0.45,2.55,8.8,99.9,108.3
Buddy Hield,Sac,G,28.18,30,34.4,71.6,20.8,11.1,53,0.868,116,0.405,310,0.361,0.505,0.53,15.9,4.6,7.3,3,12,0.87,0.33,1.87,7,102.6,114.1
George Hill,Okc,G,34.81,14,26.3,54.9,17,9,25,0.84,63,0.619,57,0.386,0.6,0.63,11.8,2.1,4.1,3.1,18.1,0.93,0.14,0.93,6.5,123.6,112.6
Solomon Hill,Atl,F,29.94,30,18.8,39.2,11.1,10.2,15,0.867,33,0.485,93,0.323,0.484,0.509,4.5,2.3,6.7,0.9,6.2,0.63,0.2,0.5,4.5,103.8,108.2
Nate Hinton,Dal,G-F,21.71,6,3.1,6.5,37.5,12.6,2,0.5,8,0.25,5,0.2,0.269,0.288,1.3,0,0,0,0,0.17,0.17,0.33,0,,
Aaron Holiday,Ind,G,24.4,29,19.9,41.4,19.3,9,29,0.759,127,0.394,93,0.333,0.439,0.462,7.4,1.3,3.7,1.8,12.5,0.48,0.14,0.79,5.2,94.7,108.9
Jrue Holiday,Mil,G,30.7,23,32.5,67.6,19.9,9.9,43,0.791,188,0.569,112,0.384,0.572,0.591,16.4,4.8,7.7,5.4,23,1.91,0.61,1.52,9.3,123.2,107.5
Justin Holiday,Ind,F-G,31.89,29,32.3,67.2,13.3,7.3,43,0.791,79,0.57,167,0.419,0.61,0.63,11.5,4.2,7.2,1.7,7,1.21,0.34,0.72,5.4,122.3,108.2
Richaun Holmes,Sac,F,27.36,26,29.3,60.9,15.8,13.8,60,0.783,212,0.66,5,0.2,0.652,0.678,12.7,7.8,14.5,1.8,8.9,0.65,1.58,1.5,7.7,127.2,105.9
Rodney Hood,Por,G-F,28.34,25,18.9,39.4,14.8,12.2,8,0.625,88,0.42,52,0.288,0.425,0.432,5,1.7,4.7,1.2,8.6,0.68,0.08,0.8,4.6,88.4,113.3
Al Horford,Okc,C-F,34.73,21,28.3,58.9,22.5,8.2,18,0.778,155,0.503,118,0.381,0.533,0.543,14.5,6.8,12.6,3.5,20.7,0.95,0.76,1.19,9.9,108.2,105.5
Talen Horton-Tucker,Lal,G,20.25,28,17,35.3,19.7,16.3,32,0.813,117,0.521,49,0.286,0.494,0.528,6.8,2.3,7.5,1.9,15.5,0.79,0.57,1.25,7.3,99.5,96.1
Danuel House Jr.,Hou,F-G,27.72,18,27.8,57.8,15.1,8.5,32,0.75,59,0.492,89,0.315,0.48,0.512,9.2,3.8,7.2,2.1,10.8,0.78,0.5,0.83,6,105.6,108
Dwight Howard,Phi,C-F,35.21,31,16.3,34,17.7,25.5,90,0.522,110,0.573,8,0.375,0.572,0.577,5.9,7.7,25.8,0.6,5.4,0.39,0.84,1.74,7.4,103.7,90.2
Markus Howard,Den,G,21.98,16,3.2,6.7,28.8,11.8,0,0,9,0.333,21,0.143,0.25,0.25,0.9,0.3,5.6,0.4,15.2,0.13,0,0.25,6,,
Kevin Huerter,Atl,G-F,22.49,30,31.7,66,16.3,10.5,24,0.792,145,0.483,170,0.376,0.527,0.539,11.7,3.6,6.2,3.7,17.3,1.13,0.2,1.27,6.8,111,109.1
Elijah Hughes,Uta,G,22.96,6,4.5,9.4,33,24.1,4,0.75,4,0.5,10,0.3,0.464,0.508,2.7,0.7,7.9,0.5,16.6,0.17,0.17,0.83,8.7,84.9,110.3
De'Andre Hunter,Atl,F-G,23.23,18,32.2,67,19.8,9.3,73,0.877,129,0.605,83,0.361,0.58,0.635,17.2,5.4,9.1,2.2,10.9,0.94,0.5,1.39,7.3,123.2,107.6
Chandler Hutchison,Chi,F-G,24.83,7,9.1,18.9,16,20.9,2,1,15,0.267,3,0.333,0.306,0.344,1.9,2.9,17.4,0.6,7.8,0.29,0,0.71,6.5,67.1,96.8
Serge Ibaka,Lac,F,31.43,31,24,50,20.5,11.3,44,0.818,203,0.571,84,0.357,0.561,0.584,11.5,6.8,15.8,1.8,11.2,0.23,1.19,1.26,8.7,116.6,106.3
Andre Iguodala,Mia,G-F,37.07,29,21.5,44.8,11.4,20,11,0.455,29,0.552,94,0.319,0.496,0.497,4.4,3.6,9.4,2.3,14.9,1.07,0.48,1.1,6.2,97.2,104.3
Joe Ingles,Uta,F-G,33.4,27,26.7,55.6,16.1,15.6,36,0.889,65,0.646,147,0.463,0.679,0.702,11.9,3.4,6.8,4.7,24.9,0.37,0.22,1.56,8.6,134.7,106
Brandon Ingram,Nor,F,23.48,30,35,72.9,27.5,10.7,161,0.882,340,0.512,193,0.394,0.54,0.595,23.9,5.3,8.4,4.7,21.1,0.67,0.87,2.4,9.6,118.3,113.9
Kyrie Irving,Bro,G,28.92,22,35.5,73.9,29.8,9.9,91,0.901,288,0.587,154,0.409,0.596,0.632,27.7,4.7,7.4,5.7,26.8,1.05,0.68,2.41,10.2,122.8,110.1
Wes Iwundu,Dal,F,26.18,17,13.7,28.5,10.3,7.4,10,0.8,23,0.435,23,0.13,0.315,0.367,2.2,1.9,7.8,0.5,4.4,0.41,0.12,0.24,3.7,84,109
Frank Jackson,Det,G,22.81,7,5.5,11.5,22.5,20,0,0,6,0.167,10,0.3,0.344,0.344,1.6,0.7,7.2,1.1,30.7,0.14,0,0.57,7.8,75.6,105.4
Josh Jackson,Det,G-F,24.04,28,24.4,50.8,26.2,15.7,96,0.688,181,0.508,126,0.302,0.485,0.521,13,4.3,9.8,1.9,13.4,0.86,0.86,2.32,7.8,95.5,102.9
Justin Jackson,Okc,F,25.91,20,17.3,36,19.4,12.4,20,0.8,63,0.556,63,0.333,0.528,0.553,7.5,2.3,7,1.7,14.7,0.4,0.05,0.95,7.1,104.6,108
Reggie Jackson,Lac,G,30.86,29,20,41.7,18.8,11.3,39,0.744,109,0.495,93,0.355,0.512,0.538,8.1,2.6,7.1,3.1,21.5,0.62,0.1,0.97,8.1,113.2,105.8
Justin James,Sac,G-F,24.08,11,5.7,11.8,16.7,0,8,0.25,13,0.538,8,0.25,0.476,0.449,2,0.6,6.1,0.5,10.9,0.18,0.09,0,5.9,104,119.8
LeBron James,Lal,F,36.15,32,35,72.9,31.9,15.1,186,0.704,400,0.58,217,0.355,0.563,0.591,25.8,8.2,13.1,8.1,39.3,1,0.5,3.88,13.7,112.7,102.3
DaQuan Jeffries,Sac,G-F,23.49,6,19.3,40.1,15.1,7.3,7,0.857,17,0.529,18,0.389,0.557,0.591,7.5,2.3,6.6,0.7,4.7,0.83,0.5,0.5,4.8,118.1,114.2
Isaiah Joe,Phi,G,21.65,18,12.9,26.8,15,6.1,5,1,16,0.375,59,0.373,0.52,0.538,4.6,1.2,5.2,0.8,8.8,0.39,0.22,0.28,5.1,113,105.7
Cameron Johnson,Pho,F,24.98,30,24.6,51.2,17.8,7.5,34,0.853,81,0.58,174,0.374,0.567,0.589,10.6,3.6,8.1,1.4,7.8,0.67,0.33,0.73,6.1,114.6,108.3
James Johnson,Dal,F,34.01,23,18.4,38.4,16.4,15.8,24,0.542,73,0.63,50,0.28,0.545,0.55,6.4,3.1,9.3,1.6,12.5,0.87,0.83,1.09,6.9,102.9,104.1
Keldon Johnson,San,F-G,21.37,27,30.1,62.7,20.6,10.2,99,0.778,228,0.518,80,0.325,0.51,0.556,14.5,7,12,2.3,10.9,0.78,0.52,1.48,8.2,110.7,105
Stanley Johnson,Tor,F-G,24.74,28,13.6,28.4,10,22.4,14,0.786,24,0.417,39,0.41,0.54,0.571,2.8,2.3,9.3,1.3,12.7,0.79,0.29,0.71,6,108.9,101.3
Tyler Johnson,Bro,G,28.8,14,12,24.9,14.8,7,2,1,16,0.375,36,0.444,0.577,0.586,4.4,1.2,5.7,0.9,9.3,0.29,0,0.29,5.6,116.3,113.3
Nikola Jokic,Den,C,26.01,30,35.9,74.7,28.9,14.4,164,0.872,425,0.607,114,0.404,0.607,0.652,26.6,11.2,17.8,8.5,39.7,1.67,0.67,3.43,15.2,128.9,103.9
Derrick Jones Jr.,Por,F,24.02,26,27,56.3,12,9.1,53,0.585,89,0.64,67,0.284,0.548,0.563,7.8,4.9,9.6,0.8,4,0.81,1,0.69,4.6,118.3,110.9
Damian Jones,Pho,C,25.65,14,6.7,13.9,12.9,22.4,11,0.545,15,0.533,1,0,0.5,0.528,1.6,1.3,10.7,0.3,5.5,0.07,0.36,0.43,5.1,100.1,92.3
Mason Jones,Hou,G,22.6,19,11,23,22.5,19.8,32,0.563,34,0.5,41,0.415,0.567,0.578,5.4,2,9.6,1.3,17.5,0.32,0,1.16,8.8,99.6,103.2
Tre Jones,San,G,21.13,9,3,6.2,26.1,12.3,5,1,11,0.455,1,1,0.542,0.634,2,0.4,7.8,0.1,5.9,0,0,0.22,5.7,,
Tyus Jones,Mem,G,24.79,27,22.9,47.6,17,10.1,19,0.842,141,0.511,73,0.247,0.463,0.481,7.9,2.6,6.1,5,30.3,1.3,0.15,0.93,8.2,111.6,114
DeAndre Jordan,Bro,C,32.59,30,22,45.9,12.7,25.4,48,0.521,123,0.797,0,0,0.797,0.767,7.4,7.2,18.3,1.8,11.1,0.33,1.4,1.63,8.3,126.5,105.3
Cory Joseph,Sac,G,29.51,30,20.3,42.4,14.6,14.3,33,0.758,106,0.528,59,0.339,0.521,0.549,6.6,2.3,6.1,2.4,15.4,0.77,0.2,1,6.5,109.7,110.9
Mfiondu Kabengele,Lac,F-C,23.53,17,4.1,8.5,18.9,16.8,4,0.75,11,0.364,12,0.167,0.304,0.343,1,0.6,8.9,0.2,5.5,0.12,0.12,0.29,4.8,67.6,92.6
Frank Kaminsky,Pho,F-C,27.89,23,15.7,32.8,19.3,7.1,25,0.56,81,0.469,53,0.434,0.541,0.548,6.9,4,14.3,1.8,16.6,0.26,0.43,0.48,9.4,116.6,101.8
Enes Kanter,Por,C,28.76,30,25.5,53,17.8,10.7,70,0.743,253,0.581,0,0,0.581,0.61,11.5,11.2,23.4,1.1,6.4,0.57,0.73,1.13,8.2,127.7,105.6
Luke Kennard,Lac,G,24.67,29,22,45.9,15.3,12.2,15,0.867,84,0.488,104,0.442,0.585,0.599,8,2.9,7.3,1.8,11.1,0.34,0.21,0.93,6.3,114,108.4
Maxi Kleber,Dal,F,29.07,18,25.7,53.4,10.1,9.5,20,0.95,23,0.348,64,0.453,0.592,0.637,6.8,5.3,11.4,1.4,7.4,0.28,0.78,0.56,5.8,128.4,108.6
Nathan Knight,Atl,F-C,23.43,9,6,12.4,23.4,13.6,8,0.875,13,0.462,9,0.333,0.477,0.549,3.1,1.6,14.1,0.1,2.9,0.22,0.33,0.44,5.3,109.1,102.6
Kevin Knox II,Nyk,F,21.54,23,16.2,33.8,15.9,11.9,12,0.833,47,0.404,66,0.379,0.5,0.52,5.3,2.1,6.7,0.7,6.7,0.35,0.26,0.7,4.9,100.1,103.7
John Konchar,Mem,G,24.92,17,17.2,35.8,11.3,10.3,18,0.889,39,0.513,23,0.304,0.492,0.551,4.5,3.8,11.9,1.2,8.8,1.06,0.29,0.47,6.4,118.2,104.3
Furkan Korkmaz,Phi,G-F,23.59,20,18.3,38,18.6,11.8,16,0.875,57,0.456,78,0.308,0.459,0.486,6.9,2.3,6.9,0.7,5.3,0.7,0.1,0.95,4.9,92.4,107.4
Luke Kornet,Chi,F-C,25.61,7,6.9,14.4,15.8,5.6,2,1,3,0.667,13,0.077,0.219,0.267,1.3,1.4,11.4,0.3,5,0.29,0.14,0.14,4.7,61.3,111.7
Rodions Kurucs,Bro,F,23.05,5,3.2,6.6,8.2,0,0,0,1,0,2,0.5,0.5,0.5,0.6,0.6,10.7,0.4,15.1,0,0,0,6.6,,
Rodions Kurucs,Hou,F,23.05,10,6.7,13.9,17.8,28.7,2,0.5,5,0.6,14,0.143,0.316,0.327,1.3,1,7.9,0.2,4.1,0.5,0.3,0.8,3.8,54.5,100.4
Kyle Kuzma,Lal,F,25.59,32,25.9,54,20.1,11.5,31,0.613,166,0.524,160,0.363,0.534,0.54,11.5,6.3,13.6,1.1,6.1,0.31,0.69,1.38,6.6,104.5,102.8
Jeremy Lamb,Ind,G-F,28.74,16,25.1,52.3,17.4,8.7,39,0.923,68,0.515,62,0.5,0.627,0.676,12.4,4.3,9.5,1.6,9.1,0.88,0.56,0.88,7,129.4,106.4
Zach LaVine,Chi,G-F,25.96,30,35.6,74.1,31,14.6,162,0.864,347,0.576,244,0.434,0.607,0.648,28.6,5.4,8.4,5.1,24.2,1.17,0.43,3.77,10.4,116.7,108.1
Jake Layman,Min,F,26.97,21,14.9,31,16.4,11.6,23,0.783,58,0.603,39,0.333,0.562,0.593,6,1.5,5.5,0.5,5.2,0.86,0.48,0.67,4.4,107.6,109.2
Jalen Lecque,Ind,G,20.7,3,2.9,6.1,26.2,0,3,1,3,0.333,1,0,0.25,0.47,1.7,1.3,25,0.7,29.9,0,0,0,16,,
Damion Lee,Gol,G-F,28.34,31,19.5,40.6,12.3,7.4,23,0.913,33,0.697,119,0.387,0.605,0.632,6.6,3.4,9.2,1.5,10.2,0.65,0.1,0.42,6.6,124.2,104.4
Saben Lee,Det,G,21.67,9,11.3,23.6,14.6,17.4,17,0.706,19,0.474,2,0,0.429,0.527,3.3,0.8,3.8,1.4,18.4,0.78,0.11,0.67,5.5,105.1,102.1
Alex Len,Tor,C,27.69,7,10.8,22.6,11.7,38.8,6,0.5,4,0.5,6,0.5,0.65,0.633,2.3,1.6,8,0.4,5.2,0.14,0.86,1.14,4.2,76.6,101.8
Alex Len,Was,C,27.69,15,15.1,31.4,17.2,18,28,0.607,52,0.75,13,0.231,0.669,0.673,6.9,3.9,13.6,1.2,11.9,0.47,1.2,1.13,8.4,117.4,102.6
Kawhi Leonard,Lac,F,29.66,25,34.8,72.4,30.2,7.7,156,0.885,354,0.548,126,0.389,0.557,0.613,26.9,6.1,9.9,4.9,23.8,1.68,0.6,1.84,10.7,124.6,108.3
Meyers Leonard,Mia,F-C,28.99,3,9.8,20.4,14.9,20.2,2,0.5,0,0,7,0.429,0.643,0.635,3.3,2.3,13.3,0.7,9.8,0,0,0.67,7.1,100.8,93.4
Caris LeVert,Bro,G,26.5,12,27.8,57.9,31.4,10.8,34,0.765,137,0.474,63,0.349,0.49,0.516,18.5,4.3,8.7,6,33.8,1.08,0.5,2.17,11.2,107.6,111.4
Kira Lewis Jr.,Nor,G,19.89,19,13.1,27.3,19.2,7.2,20,0.65,62,0.387,33,0.333,0.426,0.453,4.9,0.8,3.6,1.9,20.3,0.58,0.05,0.42,6,104.3,111.5
Damian Lillard,Por,G,30.61,29,35.8,74.5,32.6,11.9,223,0.933,283,0.523,316,0.38,0.548,0.62,29.8,4.3,6.4,7.9,37.4,1.03,0.24,3.24,11.2,124.8,116.7
Nassir Little,Por,F-G,21.03,15,10.8,22.5,17.2,13.7,17,0.882,24,0.542,25,0.56,0.694,0.735,5.5,2.1,10.1,0.2,2.7,0.2,0.33,0.6,4.9,131.8,112.7
Kevon Looney,Gol,F,25.05,21,14.6,30.5,9.9,18.1,13,0.692,48,0.646,5,0.4,0.642,0.656,3.7,4.1,14.8,1.8,16,0.33,0.29,0.62,8.3,135.2,100.2
Brook Lopez,Mil,C,32.9,31,26.9,55.9,15.3,8.5,51,0.824,121,0.579,135,0.356,0.555,0.585,10.5,5.1,10,0.6,2.9,0.52,1.35,0.84,4.7,116.2,107.1
Robin Lopez,Was,C,32.9,28,20.1,41.9,15.7,14,70,0.686,141,0.603,12,0.333,0.595,0.626,8.2,4.4,11.3,1,6.9,0.32,0.61,1.07,6.6,121.2,109.4
Kevin Love,Cle,F-C,32.46,2,23.2,48.3,21.5,12.9,5,0.8,9,0.333,9,0.333,0.417,0.47,9.5,6,14.4,2.5,15.8,0.5,0,1.5,9,97.9,114.8
Kyle Lowry,Tor,G,34.92,25,34.4,71.6,22.1,16.4,87,0.874,152,0.526,178,0.388,0.556,0.601,17.7,5.4,8.7,6.4,28.6,1.16,0.16,2.88,9.9,115.5,105.5
Timothe Luwawu-Cabarrot,Bro,G-F,25.8,32,19.4,40.5,16.4,9.8,24,0.75,71,0.465,131,0.382,0.535,0.55,7.3,2.4,6.9,1.3,8.8,0.66,0.16,0.72,5.8,108.7,109.3
Trey Lyles,San,F,25.3,14,11.8,24.6,11.1,0,15,0.6,21,0.667,15,0.267,0.556,0.575,3.5,3.1,13.5,0.5,5.6,0,0,0,6,127.9,110.5
Thon Maker,Cle,F-C,20,8,9.6,19.9,14.5,11.6,11,0.909,16,0.625,2,0,0.556,0.657,3.8,2.3,13.1,0.5,7.7,0.25,0.5,0.38,6.8,131.6,108.9
Theo Maledon,Okc,G,19.7,26,24.4,50.9,16.5,20.4,25,0.72,76,0.447,104,0.385,0.522,0.539,7.9,2.8,5.9,2.9,17,0.92,0.08,1.88,6.6,95.7,104.4
Karim Mane,Orl,G,20.77,6,9.3,19.4,10.5,21.8,4,1,7,0,2,0.5,0.167,0.325,1.2,1.7,9.2,0.2,2.3,0,0.17,0.5,3.2,59.4,110
Nico Mannion,Gol,G,19.95,6,6,12.5,19.7,11.9,4,0.25,4,0.25,9,0.222,0.308,0.305,1.5,1.3,11.6,2,42.9,0.33,0,0.33,10.5,87.9,95
Terance Mann,Lac,G-F,24.35,29,15.1,31.5,13.4,15,32,0.75,72,0.528,27,0.296,0.505,0.548,4.3,3.2,12,1.1,9.8,0.45,0.17,0.69,6.6,113.1,103.3
Boban Marjanovic,Dal,C,32.52,15,7.2,15,25.5,4.8,13,0.692,51,0.549,3,0,0.519,0.544,4.3,3.3,25.3,0.1,1.6,0,0,0.2,6.2,118,103.8
Lauri Markkanen,Chi,F-C,23.76,14,30.4,63.4,22.9,10.5,45,0.844,84,0.655,101,0.396,0.622,0.654,19.1,6.1,11,0.9,4.3,0.5,0.36,1.71,6.2,115.7,108.3
Naji Marshall,Nor,F,23.08,3,2.8,5.8,14.8,0,2,0.5,1,0,1,0,0,0.174,0.3,0.7,13.4,0.3,13.8,0,0,0,5.7,,
Kenyon Martin Jr.,Hou,F,20.13,7,9.8,20.5,21.2,14.6,5,0.4,23,0.391,4,0.25,0.389,0.394,3.3,2.7,14.6,0.6,8.7,0.29,0.71,0.71,7.1,85,99.3
Caleb Martin,Cha,F,25.41,23,15.8,32.8,17.2,11,25,0.56,69,0.507,50,0.3,0.483,0.496,5.6,2.8,9.5,1.3,11.3,0.87,0.35,0.7,6.9,102.5,107.8
Cody Martin,Cha,F,25.41,18,9,18.8,13.5,17.5,10,0.8,25,0.68,13,0.231,0.566,0.601,2.8,1.8,10.9,0.9,13.6,0.39,0,0.5,7.4,115.4,109.4
Kelan Martin,Ind,F,25.56,11,3.9,8.1,22.4,18.2,0,0,10,0.4,8,0.25,0.389,0.389,1.3,1,14.2,0,0,0.18,0,0.36,0,,
Frank Mason,Orl,G,26.89,4,19.8,41.3,17.3,15.6,7,0.714,19,0.368,5,0.4,0.417,0.462,6.3,3,7.8,3,21.7,0,0,1.25,7.8,98.6,107.8
Garrison Mathews,Was,G,24.33,22,16,33.3,14.5,3.2,43,0.907,20,0.45,81,0.395,0.564,0.638,7,1.5,5,0.5,3.8,0.77,0.18,0.18,4.3,130.8,107.6
Dakota Mathias,Phi,G,25.62,8,15.4,32.2,17.7,1.9,6,0.333,22,0.5,26,0.308,0.479,0.474,6,0.9,3.1,1.6,15,0.13,0.38,0.13,5.3,107.6,111.3
Wesley Matthews,Lal,G,34.36,25,21.2,44.1,10.2,8.8,15,0.8,22,0.5,85,0.353,0.523,0.546,5,1.6,4.3,1.2,7,0.48,0.4,0.44,4,112.2,104.2
Tyrese Maxey,Phi,G,20.3,29,16.9,35.1,23.2,7.8,25,0.88,183,0.497,54,0.278,0.479,0.502,8.6,1.9,6.3,1.8,16.3,0.52,0.1,0.72,7.3,103.9,107.1
Skylar Mays,Atl,G,23.47,12,7.2,15,19.5,7.6,10,0.9,17,0.471,15,0.4,0.531,0.591,3.6,0.7,5,0.8,17.6,0.33,0,0.25,7,124.1,113.8
Patrick McCaw,Tor,G,25.33,1,6.9,14.4,0,,0,0,0,0,0,0,,,0,0,0,1,17.5,0,0,0,0,,105.7
CJ McCollum,Por,G,29.43,13,33.8,70.5,28.4,4.4,45,0.844,117,0.513,143,0.441,0.594,0.62,26.7,3.9,6.1,5,26,1.31,0.31,1,9.5,130.2,114
T.J. McConnell,Ind,G,28.92,26,23.9,49.9,13.2,23.8,12,0.333,123,0.52,16,0.375,0.525,0.52,5.8,3.3,7.7,6.6,36.3,1.73,0.38,1.73,8.4,113.3,106.7
Jalen McDaniels,Cha,F-C,23.06,12,12.7,26.4,17.7,19,16,0.625,28,0.571,16,0.25,0.5,0.529,4.5,2.8,11.7,0.5,5.5,0.17,0,1,5.8,91.7,100.8
Jaden McDaniels,Min,F,20.4,25,19.3,40.2,14,13.2,19,0.474,59,0.407,71,0.38,0.496,0.499,5.5,3.5,9.6,1,6.9,0.36,1.08,0.84,5.6,96,104.1
Doug McDermott,Ind,F,29.14,28,26.2,54.5,19.6,9.1,44,0.795,161,0.627,121,0.355,0.587,0.607,13.1,4,8.5,1.4,7.7,0.25,0.07,1.07,6.4,114.7,110.1
Sean McDermott,Mem,F,24.31,8,15.7,32.7,10,13.5,6,1,8,0.625,15,0.333,0.543,0.605,3.9,1.5,5.2,0.5,4,0.13,0.25,0.5,3.6,114.8,115
JaVale McGee,Cle,C-F,33.1,22,15.1,31.5,24.8,14,44,0.591,130,0.485,16,0.313,0.483,0.505,7.6,5.4,20,1,10.9,0.5,1.09,1.23,9.1,99,98.4
Rodney McGruder,Det,G,29.57,8,7.9,16.5,16.6,16.4,3,1,12,0.5,7,0.429,0.553,0.591,3,1.1,7.8,0.8,14.8,0,0.13,0.5,7,110.7,112.5
Alfonzo McKinnie,Lal,F,28.43,15,3.3,6.8,17.6,5.1,4,0.5,11,0.636,6,0.667,0.765,0.746,1.9,1.1,18.4,0.1,3.2,0.07,0,0.07,7.2,,
Jordan McLaughlin,Min,G,24.87,19,18.5,38.6,16.4,15.4,10,0.8,82,0.415,29,0.379,0.455,0.472,5.7,2.3,6.7,4.8,37.3,0.95,0.16,1.11,8.6,108.8,113.3
Ben McLemore,Hou,G,28.03,21,15,31.2,20.2,14.1,18,0.722,32,0.469,88,0.318,0.475,0.496,6,2.1,7.6,1,9.4,0.57,0.05,1,6.2,92.1,105.2
Nicolo Melli,Nor,F,30.08,15,10.5,21.8,11.7,13.9,5,0.8,6,0.333,29,0.241,0.357,0.39,1.9,2,10.6,0.8,9.4,0.53,0.07,0.4,5.5,87.2,103
De'Anthony Melton,Mem,G,22.74,15,21.2,44.1,20.4,13.8,12,0.583,69,0.507,57,0.386,0.54,0.545,9.5,3.3,8.4,3,20.5,1,0.87,1.4,8.6,105.6,106.7
Sam Merrill,Mil,G,24.78,10,5.7,11.9,10.9,20.2,2,1,3,0,8,0.5,0.545,0.589,1.4,1.1,10,1,20.4,0.1,0,0.3,8.1,125.9,109.6
Chimezie Metu,Sac,F-C,23.93,11,6.5,13.5,23.7,15,9,0.667,27,0.519,3,0.333,0.517,0.545,3.4,2.1,17.5,0.5,10.4,0.27,0.55,0.55,9.4,108.2,105.1
Khris Middleton,Mil,F,29.54,31,33.2,69.2,24.2,14.3,105,0.895,296,0.547,167,0.431,0.583,0.623,20.5,6,9.5,5.7,24.8,1.13,0.16,2.74,10.7,119.6,104.8
Darius Miller,Okc,F,30.93,12,9.2,19.2,11.9,16.5,3,1,3,0.667,21,0.429,0.646,0.671,2.8,1.3,7.1,0.8,12.7,0.42,0.33,0.42,6.2,118.5,104.8
Paul Millsap,Den,F,36.04,26,23.9,49.7,16.9,10.4,59,0.695,111,0.604,78,0.41,0.608,0.63,10.4,5.2,12.3,1.7,9.6,0.81,0.5,0.96,7.6,124.7,107
Patty Mills,San,G,32.54,27,25.5,53,20.2,8,35,0.943,108,0.528,175,0.4,0.572,0.598,13.2,1.9,3.8,2.7,15.6,0.67,0.04,0.96,6.4,116.1,109.8
Shake Milton,Phi,G-F,24.41,23,24.5,51.1,24,10.9,80,0.875,171,0.503,79,0.316,0.494,0.556,13.8,1.9,4.3,3,18.3,0.7,0.17,1.52,7,111.7,106.6
Donovan Mitchell,Uta,G,24.46,29,33.6,70,31.8,12,150,0.833,317,0.461,252,0.389,0.515,0.56,24.5,4.4,6.9,5.2,25.8,0.97,0.34,3,9.8,112.8,104.8
Adam Mokoka,Chi,G,22.6,7,6.1,12.6,16.1,12.5,0,0,6,0.667,8,0.125,0.393,0.393,1.6,0.6,5.2,0.6,12.3,0.43,0.14,0.29,5.5,84.7,102.4
Malik Monk,Cha,G,23.05,17,21.3,44.3,20.6,12,24,0.792,62,0.419,81,0.469,0.58,0.602,10.9,2.8,7,1.7,12,0.29,0.12,1.24,7,110.5,112.1
E'Twaun Moore,Pho,G,32,17,16.2,33.8,17.1,14.2,10,0.8,63,0.524,23,0.261,0.488,0.509,5.4,1.9,6.4,1.6,13.5,0.71,0.18,0.88,6.3,101.5,104.7
Ja Morant,Mem,G,21.54,19,30.4,63.2,29.2,14.4,104,0.788,231,0.524,63,0.206,0.478,0.534,19.1,3.2,5.8,7.9,40.6,0.95,0.21,3,10.3,109.8,112.9
Juwan Morgan,Uta,F,23.86,13,5.1,10.5,10.7,12.3,3,0,4,0.75,9,0.333,0.577,0.524,1.2,1,10.5,0.2,6,0.23,0,0.15,4.9,106.3,91.8
Marcus Morris Sr.,Lac,F,31.48,23,25,52.1,20.5,7.9,39,0.897,115,0.409,114,0.5,0.579,0.609,13,3.9,8.7,0.9,5,0.52,0.26,0.91,5.7,117.1,107.6
Markieff Morris,Lal,F,31.48,26,15.5,32.2,13.6,11.1,20,0.75,35,0.514,68,0.309,0.481,0.51,4.4,3.3,11.8,0.8,7.1,0.19,0.23,0.54,5.8,103.5,98.4
Monte Morris,Den,G,25.66,29,26.3,54.8,16.5,5.9,49,0.714,156,0.551,94,0.372,0.554,0.574,10.8,2.2,4.9,3.4,17.8,0.62,0.24,0.59,6.6,123.3,115.8
Mychal Mulder,Gol,G,26.7,30,11.1,23.1,13.9,7.4,13,0.615,13,0.692,82,0.427,0.647,0.65,4.4,1,4.7,0.5,5.8,0.2,0.2,0.27,4.7,116.7,107.6
Dejounte Murray,San,G,24.43,27,30.4,63.3,23.2,10.1,58,0.81,285,0.488,89,0.315,0.484,0.512,15.1,7.2,12.2,5,25,1.56,0.07,1.67,10.7,105.4,103.1
Jamal Murray,Den,G,24,28,35,73,25,11,95,0.811,276,0.54,183,0.383,0.553,0.584,20.9,4.4,7.1,4.4,19.2,1.18,0.25,2.21,8.5,114.5,110.9
Mike Muscala,Okc,F-C,29.65,29,18.9,39.4,20.7,7.3,35,0.914,67,0.612,159,0.365,0.566,0.597,9.9,3.8,10.5,0.9,7.5,0.24,0.24,0.66,6.8,112.9,106
Svi Mykhailiuk,Det,G-F,23.71,29,15.4,32.1,18.9,10.7,24,0.875,40,0.525,124,0.323,0.494,0.524,6.3,1.9,6.8,1.2,12.1,0.62,0.14,0.72,6.3,102.8,110.5
Abdel Nader,Pho,F,27.41,15,12.7,26.4,19.6,10.9,18,0.778,40,0.575,26,0.385,0.576,0.609,6,2.1,9.1,0.9,10.6,0.33,0.13,0.6,7.1,112.3,103.8
Larry Nance Jr.,Cle,F-C,28.15,19,33.4,69.6,12.3,15.4,21,0.571,82,0.561,63,0.381,0.566,0.571,9.3,6.8,11.3,3.2,13.7,1.95,0.53,1.47,7,111.5,109.2
Aaron Nesmith,Bos,G-F,21.36,15,15.8,32.9,12.3,13.2,10,0.8,12,0.5,43,0.326,0.491,0.522,4.1,2.5,8.9,0.5,3.9,0.13,0.27,0.6,4.4,102.2,103
Raul Neto,Was,G,28.77,23,19.2,40,16.6,7.9,22,0.818,92,0.511,62,0.355,0.519,0.544,7.7,2.5,6.9,1.8,13.3,1.04,0.09,0.61,6.8,111.3,110.5
Georges Niang,Uta,F,27.69,31,13.1,27.3,17.6,12.6,5,1,43,0.535,101,0.366,0.545,0.554,5.2,2.3,9.2,0.7,8,0.35,0.1,0.68,6.2,105.9,98.4
Zeke Nnaji,Den,F-C,20.12,17,8.7,18.2,12.6,4.7,4,0.5,14,0.571,25,0.44,0.628,0.626,3,1.1,6.9,0.1,1.8,0.06,0.06,0.12,3.2,124,115.3
Nerlens Noel,Nyk,C-F,26.87,26,19.4,40.3,10.6,21.4,28,0.643,80,0.575,3,0,0.554,0.577,4.2,5.5,14.8,0.5,3.4,0.88,1.92,1,4.7,106.8,95.2
Jaylen Nowell,Min,G,21.63,17,15.1,31.4,24,6.2,28,0.786,73,0.493,51,0.333,0.496,0.532,8.5,1.5,5.4,0.8,8.8,0.41,0.24,0.53,5.7,106.3,108.2
Frank Ntilikina,Nyk,G,22.58,4,10.5,21.9,18.2,11.5,3,0.333,5,0.2,9,0.556,0.607,0.587,4.5,1,5,0.8,10.8,0.75,0,0.5,5.8,110.3,92.6
Kendrick Nunn,Mia,G,25.56,23,29.5,61.5,21.4,13.1,29,0.897,140,0.571,132,0.379,0.57,0.59,14.6,3.3,6.4,2.6,14.4,1.22,0.3,1.87,6.8,105.3,106.9
Jusuf Nurkic,Por,C,26.51,12,23.4,48.7,21,16.7,27,0.556,91,0.516,12,0.25,0.5,0.514,9.8,7.7,17.4,2.8,17.6,0.92,0.92,1.92,10.2,104,103.8
David Nwaba,Hou,G-F,28.11,25,23.5,48.9,16.3,7.1,55,0.673,128,0.586,56,0.268,0.53,0.557,9.3,3.9,8.7,1.1,7.2,1.12,0.72,0.64,5.8,114.1,104
Jordan Nwora,Mil,F,22.46,10,8.2,17.1,26.2,19.5,10,0.9,21,0.429,16,0.5,0.568,0.616,5.1,1.5,9.6,0,0,0.4,0.2,1,0,95.9,100.6
Semi Ojeleye,Bos,F,26.22,29,19.4,40.4,12,7.6,25,0.72,39,0.513,95,0.379,0.552,0.572,5.7,3,8.6,0.8,5.7,0.31,0,0.41,4.9,117.7,109.8
Jahlil Okafor,Det,C-F,25.19,12,10,20.8,17,8.5,2,0.5,39,0.641,3,0,0.595,0.595,4.3,2.3,12.5,0.3,4.4,0.17,0.17,0.33,5.7,116.6,108.5
Chuma Okeke,Orl,F,22.52,15,21.9,45.7,10.5,11.2,6,0.5,35,0.429,34,0.353,0.478,0.482,4.6,3.5,8.1,2.1,12.9,0.8,0.47,0.6,5.9,108,109.8
Josh Okogie,Min,G,22.48,25,19.3,40.2,13.1,11.4,38,0.763,67,0.433,49,0.204,0.379,0.441,4.7,2.5,6.9,1.1,7.5,0.84,0.56,0.68,4.9,95.6,108.7
Onyeka Okongwu,Atl,F-C,20.2,10,10.6,22.2,14.7,13.6,13,0.615,24,0.583,2,0,0.538,0.567,3.6,2.7,13.8,0.4,5.5,0.4,0.7,0.5,5.9,108.7,97.1
Isaac Okoro,Cle,F-G,20.08,26,33.3,69.4,12.5,15.5,48,0.667,110,0.473,81,0.284,0.453,0.483,7.9,2.5,4.2,1.8,7.7,1.19,0.42,1.5,3.9,94.5,111.2
KZ Okpala,Mia,F-G,21.83,16,10.7,22.3,10.8,19.2,6,0.333,12,0.417,19,0.368,0.5,0.49,2.1,1.3,6.5,0.4,4.8,0.19,0.13,0.5,3.8,86.4,103.3
Victor Oladipo,Ind,G,28.81,9,33.3,69.3,27,9.7,37,0.73,83,0.47,69,0.362,0.503,0.535,20,5.7,9.4,4.2,19.2,1.78,0.22,2,9.4,104.4,105
Victor Oladipo,Hou,G,28.81,11,30.9,64.4,29.9,10.9,36,0.75,120,0.442,77,0.299,0.444,0.475,18.4,4.8,8.2,4.9,26.8,1.09,0.55,2.36,9.8,95.6,105.6
Kelly Olynyk,Mia,F-C,29.85,30,26,54.1,17.8,13.2,26,0.769,80,0.663,179,0.33,0.546,0.56,10.1,5.7,12.3,2,12,0.77,0.63,1.37,7.5,104.8,101.1
Royce O'Neale,Uta,F,27.72,31,32.6,67.9,9.7,16.2,26,0.846,54,0.519,126,0.421,0.597,0.619,7.6,6.9,11.2,2.4,9.3,0.74,0.65,1.19,6.1,121.4,100.7
Miye Oni,Uta,G-F,23.56,24,7.8,16.2,9.4,17.2,6,0.833,5,0.2,26,0.346,0.468,0.505,1.4,1.7,11.7,0.3,4,0.13,0.17,0.29,4.6,105.9,96.5
Cedi Osman,Cle,F,25.88,31,26.7,55.5,20.2,8.5,45,0.778,144,0.438,191,0.33,0.47,0.493,11.3,3.5,7.4,2.7,15.6,0.94,0.1,1.06,7.1,104.1,110.7
Daniel Oturu,Lac,C,21.43,10,4.2,8.8,18.8,11.2,2,1,14,0.643,1,0,0.6,0.63,2,1.4,18.7,0.4,14.5,0,0.3,0.2,9.9,129.4,99.2
Kelly Oubre Jr.,Gol,F-G,25.21,31,29.9,62.2,22.4,8.4,95,0.726,235,0.489,170,0.324,0.488,0.519,15,5.9,10.4,1.4,6.9,1.29,0.77,1.32,6.7,101.5,104.8
Jabari Parker,Sac,F,25.95,2,12.5,25.9,17.1,30,0,0,6,0.667,1,0,0.571,0.571,4,3,13.1,0.5,5.6,0,0.5,1.5,5.8,82.4,104.5
Eric Paschall,Gol,F,24.3,28,17.9,37.3,22.9,8.5,71,0.732,180,0.539,36,0.333,0.532,0.57,10.1,3.4,10,1.4,11.8,0.18,0.11,0.82,8.1,111.5,105
Anzejs Pasecniks,Was,C-F,25.18,1,6.3,13.1,39.3,83.3,0,0,0,0,1,0,0,0,0,1,8.3,1,18.5,0,0,5,0,20.4,89.9
Patrick Patterson,Lac,F,31.95,10,13,27,15.9,15,4,0.75,10,0.6,28,0.357,0.553,0.566,4.5,2,8.7,0.5,5.2,0.3,0.1,0.7,5.1,102.8,104.8
Chris Paul,Pho,G,35.8,29,31.8,66.2,23.1,13.9,71,0.972,263,0.525,114,0.395,0.545,0.588,16.6,4.5,7.9,8.5,40.1,1.24,0.28,2.28,10.8,121.5,104.5
Cameron Payne,Pho,G,26.55,19,17.6,36.7,18.3,16.1,13,0.923,58,0.517,51,0.431,0.578,0.601,7.3,1.8,5.8,3.6,28.9,0.53,0.21,1.16,8.2,117.6,103.4
Elfrid Payton,Nyk,G,27,31,27.8,58,22.7,13.1,63,0.73,302,0.48,56,0.25,0.464,0.49,12.2,3.7,7,3.7,21.5,0.61,0.19,1.87,7.9,100.6,106.2
Norvel Pelle,Bro,C,28.06,3,9.3,19.3,15.6,30,0,0,7,0.429,0,0,0.429,0.429,2,2.3,14.1,0,0,0,1,1,0,76.1,84.8
Reggie Perry,Bro,F-C,20.93,14,10.5,21.9,19.2,16.9,9,0.667,38,0.5,12,0.167,0.44,0.463,3.6,3.7,19.8,0.9,10.8,0.14,0.36,0.79,8.7,99.5,96.6
Theo Pinson,Nyk,G-F,25.3,9,2.4,4.9,14.6,0,0,0,1,1,6,0,0.143,0.143,0.2,0.1,2.5,0,0,0,0,0,0,,
Mason Plumlee,Det,F-C,30.97,28,28.2,58.7,15.7,20.9,70,0.7,191,0.618,5,0,0.602,0.628,10.2,9,17.7,3.5,19.7,0.96,0.68,2.14,9.7,118.2,100
Jakob Poeltl,San,C,25.36,27,22.2,46.3,12.8,17.2,38,0.316,132,0.606,0,0,0.606,0.578,6.4,7,16.4,1.7,10.5,0.59,1.52,1.15,7.6,118.1,102.8
Vincent Poirier,Phi,C-F,27.35,4,4.5,9.3,13.6,17.4,4,0.5,3,0.333,0,0,0.333,0.42,1,1,12.2,0.3,7,0,0.5,0.25,6,96.1,110
Aleksej Pokusevski,Okc,C,19.16,17,17.4,36.3,16.9,19.1,0,0,37,0.351,56,0.179,0.301,0.301,3.3,3.5,10.6,1.2,9.7,0.47,1.12,1.29,5.5,60.6,107.2
Jordan Poole,Gol,G,21.68,15,9.6,19.9,22.9,10.3,19,0.947,22,0.591,39,0.333,0.533,0.598,5.5,1.2,6.6,0.9,13.4,0.2,0.13,0.53,7.5,112.5,104.9
Michael Porter Jr.,Den,F,22.66,20,26.9,56.1,20.5,8.3,35,0.8,106,0.585,111,0.378,0.576,0.598,13.9,6,12.7,1,5.4,0.95,1.15,1.05,6.5,115.3,106.3
Otto Porter Jr.,Chi,F,27.73,16,23.2,48.4,20.1,8.6,36,0.833,74,0.486,70,0.4,0.542,0.582,11.6,6.3,15,2,12.1,0.56,0.19,0.94,9.1,117.9,107.4
Bobby Portis,Mil,F,26.04,31,21.6,45,19.2,7.8,29,0.655,204,0.559,66,0.5,0.606,0.612,11.2,7.3,17.7,1.1,7.2,0.81,0.39,0.77,8.3,122.9,101.8
Kristaps Porzingis,Dal,F-C,25.56,17,30,62.4,27.9,6.5,55,0.855,171,0.55,108,0.352,0.541,0.576,20.5,8.2,15,1.3,7.4,0.35,1.65,1.24,8,113.9,105
Dwight Powell,Dal,F-C,29.6,18,16.9,35.1,12.7,14.8,47,0.702,46,0.543,8,0.125,0.491,0.576,4.8,3.6,11.7,1.1,8.3,0.72,0.39,0.72,6.3,117.9,100.1
Norman Powell,Tor,G,27.75,29,28.6,59.6,22.9,10,106,0.887,190,0.5,160,0.438,0.571,0.623,17,3,5.7,1.5,8.4,1.1,0.14,1.52,5.9,115.8,109
Taurean Prince,Bro,F,26.93,12,18.2,37.8,19.3,11.4,27,0.889,37,0.459,37,0.351,0.493,0.565,8.1,2.8,8.8,0.6,4.2,0.67,0.67,0.92,5.2,104.6,107
Taurean Prince,Cle,G,26.93,15,24.9,52,17.4,13.2,26,0.808,62,0.339,58,0.431,0.488,0.525,9.2,4.3,9.6,2.6,15.2,0.73,0.73,1.33,7.5,105.2,110
Payton Pritchard,Bos,G,23.07,24,21.1,43.9,15.6,16.2,13,0.923,65,0.554,84,0.381,0.564,0.582,7.5,2.3,6,2.3,15.5,0.58,0.17,1.25,6.5,110.8,107.3
Immanuel Quickley,Nyk,G,21.69,27,19,39.7,27.7,7.5,84,0.929,139,0.41,122,0.369,0.477,0.549,12.1,2.3,6.3,2.6,22.3,0.41,0.33,0.89,8.8,115.1,101.3
Jahmi'us Ramsey,Sac,G,19.71,4,3.9,8.2,13.5,20,0,0,1,1,3,0.333,0.625,0.625,1.3,1,13.9,0.3,8.5,0,0.25,0.25,7.5,,
Chasson Randle,Orl,G,28.05,3,18,37.5,10.5,22.5,3,1,5,0.6,4,0,0.333,0.436,3,2.3,6.7,2.3,17.2,0,0.33,1,5.6,93.7,99.2
Julius Randle,Nyk,F-C,26.24,31,36.8,76.6,27.6,14.3,200,0.805,383,0.507,139,0.41,0.535,0.59,23.2,11,15.6,5.5,25.7,0.71,0.19,3.29,12.2,113.4,99.3
Cam Reddish,Atl,F-G,21.48,26,28.9,60.1,18.9,10.2,82,0.817,137,0.46,126,0.262,0.428,0.488,11.2,4,7.4,1.3,6.7,1.27,0.35,1.31,5.4,98.9,106.6
JJ Redick,Nor,G,36.67,27,18,37.6,18.7,9.8,38,0.974,53,0.434,123,0.358,0.506,0.558,8,1.5,4.6,1.1,8.6,0.3,0.07,0.78,5.3,110.6,113.3
Paul Reed,Phi,F,21.7,5,11.1,23,20.6,18.5,0,0,19,0.474,3,0,0.409,0.409,3.6,2,9.9,0.6,7.8,0.2,0.8,1,5.9,85.2,108.8
Naz Reid,Min,C-F,21.5,29,21.2,44.2,22.3,9.9,69,0.739,185,0.578,77,0.377,0.574,0.602,12.1,5,12.5,1.3,10.2,0.62,1.17,1.1,8.1,114.9,101.5
Nick Richards,Cha,C,23.24,8,2.9,6,17.9,10.4,6,0.833,6,0.5,0,0,0.5,0.637,1.4,0.6,11.7,0,0,0,0,0.13,0,,
Josh Richardson,Dal,G,27.44,20,31.8,66.3,18,11.8,47,0.936,105,0.543,105,0.305,0.5,0.551,12.7,3.1,5.3,2.7,12.1,0.9,0.2,1.55,6,109,109.7
Austin Rivers,Nyk,G,28.56,21,21.1,43.9,16.3,13.5,14,0.714,58,0.517,77,0.364,0.533,0.545,7.3,2.2,5.5,2,14.2,0.57,0,1.05,6,104.9,105.5
Andre Roberson,Bro,G-F,29.22,1,4.4,9.2,9.9,100,0,0,0,0,0,0,,,0,1,12.8,0,0,0,1,1,0,,116.9
Glenn Robinson III,Sac,F,27.13,23,16.1,33.5,13.8,9.2,23,0.913,55,0.473,44,0.364,0.505,0.554,5.3,2,6.6,0.9,7.1,0.17,0.13,0.48,5.3,112.6,117.5
Duncan Robinson,Mia,F,26.84,31,33.4,69.5,16,11.6,48,0.833,45,0.622,263,0.392,0.593,0.615,13.1,4,6.8,1.5,6.8,0.48,0.23,1.39,5.1,107.5,107
Jerome Robinson,Was,G,24,13,17,35.4,16.2,13.9,17,0.882,36,0.361,31,0.29,0.396,0.456,5.2,2.5,7.8,1.4,10.8,0.46,0.15,0.92,6.2,90.7,107.9
Mitchell Robinson,Nyk,C-F,22.9,27,28.8,60,11.3,11.1,46,0.478,156,0.66,0,0,0.66,0.647,8.4,8.3,15,0.5,2.7,1.22,1.52,0.81,4.5,129.2,99.1
Isaiah Roby,Okc,F,23.06,25,20.5,42.8,16.9,13,46,0.717,113,0.611,40,0.375,0.598,0.623,8.6,5.2,13.3,1.6,12.1,0.64,0.6,1.04,8.1,120,99.5
Rajon Rondo,Atl,G,35,14,15.3,31.9,14.9,25.4,2,0.5,29,0.379,26,0.308,0.418,0.421,3.4,2.3,8.1,3.9,34.5,0.64,0.07,1.36,8.2,95.2,109.3
Derrick Rose,Det,G,32.39,15,22.8,47.4,29.8,12.3,50,0.84,145,0.455,39,0.333,0.465,0.517,14.2,1.9,4.7,4.2,33.5,1.2,0.27,1.93,8.5,104.2,111.4
Derrick Rose,Nyk,G,32.39,6,20.3,42.3,26.7,12.2,15,0.867,48,0.396,10,0.3,0.405,0.464,10,2.5,6.4,3.2,25.2,1,0.5,1.5,8.5,96.3,107
Terrence Ross,Orl,G-F,30.05,30,29,60.4,24.2,11.1,76,0.895,232,0.466,173,0.358,0.496,0.536,15.7,3.3,5.9,2.1,11.9,1,0.5,1.83,6.6,101.9,107.8
Terry Rozier,Cha,G,26.94,28,33.5,69.7,23.2,9.6,79,0.81,211,0.54,215,0.451,0.609,0.633,20.8,3.9,6.3,3,14.6,1.29,0.43,1.75,7.5,118.7,110.4
Ricky Rubio,Min,G,30.34,29,25.2,52.6,16.3,20.5,59,0.797,132,0.424,67,0.299,0.432,0.487,7.6,3.2,6.8,6.4,35.1,1.24,0,2,8.5,104.8,108.6
D'Angelo Russell,Min,G,25,20,29.2,60.7,29.7,13.4,64,0.75,178,0.449,148,0.399,0.517,0.544,19.3,2.6,4.8,5.1,29.4,1.05,0.5,2.75,8.7,103.9,112.8
Domantas Sabonis,Ind,F-C,24.81,29,36.4,75.8,25.6,15.8,169,0.71,368,0.565,81,0.358,0.56,0.595,21.5,11.6,17.6,5.7,24.3,1,0.66,3.38,12.4,114.5,102
Luka Samanic,San,F,21.12,4,2.7,5.6,27.5,0,2,0.5,3,0,3,0.667,0.5,0.509,1.8,0,0,0,0,0,0,0,0,,
JaKarr Sampson,Ind,F,27.93,13,6,12.6,17.9,9.3,10,0.8,22,0.5,3,0,0.44,0.51,2.3,2,18.2,0,0,0.08,0.23,0.23,0,104.9,100.9
Dario Saric,Pho,F-C,26.88,13,17.8,37.1,26.2,12.6,28,0.964,59,0.542,47,0.362,0.542,0.6,10.9,4.1,12.7,1.1,9.2,0.77,0.15,1.31,8.2,110.6,99.9
Tomas Satoransky,Chi,G,29.32,19,20.5,42.7,14.2,21.6,26,0.923,59,0.559,31,0.452,0.6,0.651,6.9,2.5,6.7,4.6,29.6,0.58,0.21,1.47,8.4,124.6,110.9
Dennis Schroder,Lal,G,27.44,29,31.1,64.8,21.6,14.5,112,0.821,243,0.49,90,0.311,0.483,0.541,14.3,3.6,6.5,4.3,20,0.9,0.17,2.24,7.8,106.5,101.2
Mike Scott,Phi,F,32.61,12,16.8,35,11.4,9.2,3,0.667,10,0.5,38,0.289,0.448,0.456,3.8,2.5,8.2,0.1,0.6,0.25,0.17,0.42,2.3,89.8,106.4
Collin Sexton,Cle,G,22.14,26,35.6,74.1,27.3,11.6,144,0.799,357,0.51,99,0.394,0.527,0.574,22.9,2.5,4,4.2,20.6,1,0.15,2.62,7,111,112.2
Landry Shamet,Bro,G,23.95,28,19,39.5,17.4,10.8,35,0.886,47,0.447,128,0.344,0.497,0.538,7.3,1.5,4.5,1.3,8.5,0.46,0.14,0.82,5.1,104.1,113.1
Pascal Siakam,Tor,F,26.9,28,36,75.1,25.2,10.3,144,0.813,353,0.504,113,0.301,0.491,0.543,20.5,7.7,11.8,4.7,21.1,1.14,0.71,2.18,10.1,112.6,106
Chris Silva,Mia,F,24.43,6,8.8,18.4,18.7,35.9,12,0.833,8,0.625,1,1,0.722,0.805,3.8,3,19.1,1,16.6,0.17,0.33,1.33,10.2,120.3,82.3
Ben Simmons,Phi,G-F,24.6,26,33.6,70,20.3,20.2,146,0.671,265,0.581,6,0.167,0.574,0.61,15.7,8.3,13.5,7.9,34.7,1.65,0.77,3.27,12,117.8,100.7
Anfernee Simons,Por,G,21.71,27,18.1,37.7,20.5,9.3,26,0.846,58,0.362,144,0.41,0.542,0.565,8.9,2.5,7.3,1.2,9.6,0.22,0.19,0.81,6.6,110.7,111.3
Deividas Sirvydis,Det,F-G,20.71,4,1.2,2.4,18.8,0,0,0,0,0,2,0,0,0,0,0,0,0.3,27.8,0,0,0,0,,
Marcus Smart,Bos,G,26.97,17,32.3,67.3,19.1,12.2,62,0.742,98,0.469,90,0.311,0.468,0.516,13.1,2.8,4.8,6.1,26.3,1.76,0.53,1.76,7.5,111.9,108.2
Dennis Smith Jr.,Nyk,G,23.25,3,9.2,19.2,21.8,7.3,6,0.833,6,0.333,4,0,0.2,0.356,3,0.7,3.8,1,14.9,1,0,0.33,5.6,83.6,92.7
Dennis Smith Jr.,Det,G,23.25,6,16,33.2,21.6,20.9,4,0.75,20,0.35,16,0.25,0.361,0.384,4.8,1.7,5.8,2.5,23.5,0.83,0.67,1.67,6.8,79.5,107.5
Ish Smith,Was,G,32.64,19,20.6,42.9,15,13.4,15,0.4,96,0.406,20,0.25,0.401,0.404,5.2,3.5,8.8,4.7,30.9,0.79,0.21,1,8.6,99.4,112.3
Jalen Smith,Pho,F-C,20.94,8,6.2,12.9,17,5.3,2,0,10,0.4,7,0.286,0.412,0.391,1.8,1.3,11.2,0.3,5.4,0,0.25,0.13,5.7,94.2,110
Tony Snell,Atl,G,29.29,17,13.7,28.5,10.6,12.1,0,0,15,0.133,36,0.556,0.627,0.627,3.8,1.5,6.1,0.9,9.5,0.12,0.12,0.41,5,121,112.3
Ray Spalding,Hou,F,23.96,2,9.4,19.5,17.9,38.1,2,0,3,0.667,1,0,0.5,0.41,2,2,11.3,0,0,0,1,1.5,0,60.6,99.2
Cassius Stanley,Ind,G,21.52,8,2.9,6.1,19,9.8,5,0.8,5,0.2,2,0.5,0.357,0.489,1.1,0.4,7.1,0,0,0,0.25,0.13,0,,
Lamar Stevens,Cle,F,23.63,20,14.3,29.9,15.7,10.5,29,0.69,66,0.455,15,0.133,0.407,0.459,4.3,2.6,10.1,1,9.5,0.4,0.3,0.55,6.3,96.7,108.8
Isaiah Stewart,Det,F-C,19.76,28,17.9,37.2,13.4,14.2,30,0.7,115,0.522,5,0.2,0.513,0.541,5.1,5.5,17.1,0.7,5.8,0.46,1,0.79,6,114.2,100
Max Strus,Mia,G-F,24.91,18,15.4,32,17.2,2.8,12,0.75,17,0.882,82,0.366,0.606,0.619,7.2,1.1,4.1,0.6,5.7,0.17,0,0.17,4.4,118,107.3
Edmond Sumner,Ind,G,25.15,16,9.4,19.5,18.9,15.3,14,0.643,33,0.576,16,0.313,0.541,0.562,3.9,1.3,7.7,0.5,7.5,0.5,0.06,0.63,5.8,101.5,102.9
Jae'Sean Tate,Hou,F,25.32,29,27.4,57.1,14.4,12.6,46,0.717,153,0.627,62,0.339,0.593,0.612,9.9,5.2,10,1.8,9.8,0.97,0.59,1.17,6.6,118.6,102.6
Jayson Tatum,Bos,F-G,22.98,25,35.5,74,31,9.8,129,0.868,347,0.478,177,0.39,0.514,0.56,26,7.1,11.1,4.6,22.4,1.28,0.48,2.52,10.7,112.4,108.1
Jeff Teague,Bos,G,32.71,23,17.3,35.9,18.1,14.9,30,0.9,92,0.283,38,0.421,0.385,0.443,5.5,1.6,5.2,2,15.6,1,0.13,1.09,6,93.7,109.1
Garrett Temple,Chi,G-F,34.8,29,27.8,58,13.9,10.7,31,0.806,100,0.53,121,0.364,0.538,0.56,9.1,3.2,6.4,2,9.4,1,0.59,0.97,5.6,110.1,107.8
Tyrell Terry,Dal,G,20.4,11,5.1,10.7,15.1,10.4,3,0.333,9,0.556,7,0,0.313,0.318,1,0.5,5.8,0.5,14.2,0.45,0,0.18,4.9,74.1,111.3
Daniel Theis,Bos,F-C,28.89,28,24.8,51.7,14.4,13.3,41,0.683,122,0.664,62,0.387,0.636,0.648,9.4,5.3,11.8,1.5,8.5,0.61,1.14,1.11,6.8,122,102.2
Brodric Thomas,Hou,G,24.07,4,6.1,12.6,24.8,28.4,7,0.714,1,1,6,0.167,0.357,0.496,2.5,1,8.7,1,22.5,0.25,0.25,1,8.9,88.6,91.4
Matt Thomas,Tor,G,26.56,17,6.6,13.8,17.1,11.2,4,1,10,0.4,28,0.357,0.5,0.528,2.5,0.7,5.9,0.4,8.8,0.12,0,0.29,5.4,100.9,112.1
Tristan Thompson,Bos,C-F,29.95,28,23,47.8,14.4,12,62,0.613,161,0.54,2,0,0.534,0.557,7.6,8.2,19.9,0.9,5.2,0.36,0.43,0.93,6.7,116.8,103.4
Sindarius Thornwell,Nor,G,26.28,11,4.8,10,12.8,12.6,2,0,7,0.429,6,0.5,0.577,0.54,1.4,0.3,3.1,0.2,5,0.36,0,0.18,3.6,100,112
Matisse Thybulle,Phi,G-F,23.98,28,18.3,38.2,8.4,9.8,12,0.5,32,0.563,55,0.273,0.466,0.471,3.1,1.4,4.1,0.9,6.1,1.5,0.89,0.36,3.4,101,100.7
Xavier Tillman,Mem,F,22.12,22,21.1,43.9,15.2,11.4,19,0.789,107,0.607,32,0.281,0.565,0.584,7.8,4.9,12.6,1.5,10.3,0.91,0.64,0.86,7.3,116.9,103.5
Obi Toppin,Nyk,F,22.98,21,11.9,24.7,17.8,10,10,0.7,48,0.625,38,0.289,0.541,0.553,4.8,2.4,10.7,0.5,6.9,0.19,0.43,0.48,6,106,103.6
Juan Toscano-Anderson,Gol,F,27.87,18,21.6,45,11.7,16.8,14,0.714,53,0.623,30,0.433,0.633,0.645,6.4,4.6,11.2,2.4,15,0.5,0.61,1,7.7,120.2,101.8
Karl-Anthony Towns,Min,C-F,25.28,11,32.7,68.1,26.1,14.8,51,0.941,115,0.557,52,0.423,0.581,0.639,22,11.2,18.2,3.5,18,0.91,2,3,11.6,117.9,103.4
Gary Trent Jr.,Por,G-F,22.1,28,30.7,64,19.6,4.8,39,0.744,148,0.419,211,0.431,0.553,0.566,15.2,2.1,3.7,1.4,6.6,0.71,0.18,0.68,4.6,115.6,118
P.J. Tucker,Hou,F,35.81,27,29.7,61.9,7.9,18.1,17,0.824,40,0.45,75,0.32,0.47,0.498,4.5,4.5,8,1.3,5.9,0.85,0.52,1,4,98.4,103.9
Myles Turner,Ind,C-F,24.92,27,31.2,65,16.9,11.3,85,0.776,133,0.654,120,0.325,0.575,0.615,13.2,6.6,11.6,1,4.4,1.07,3.48,1.37,5.7,114.3,101.4
Jonas Valanciunas,Mem,C,28.8,22,27.6,57.5,23.6,14.5,82,0.756,229,0.581,24,0.333,0.573,0.609,16,11.2,22.2,1.9,10.6,0.55,0.77,2.23,10.1,114.8,100.9
Denzel Valentine,Chi,G,27.27,26,19.7,41,18.7,7.2,6,1,78,0.397,127,0.354,0.48,0.489,7.8,4,11.2,1.7,11.7,0.69,0.04,0.62,7.6,100.8,107.8
Jarred Vanderbilt,Min,F,21.89,29,19,39.6,13,16.5,51,0.51,117,0.598,2,0.5,0.601,0.597,5.8,5.8,16.2,1.7,12.7,1.07,0.66,0.97,8.1,117,101.8
Fred VanVleet,Tor,G,27,31,36.6,76.3,23.9,10.3,113,0.894,244,0.443,271,0.376,0.507,0.552,20.1,4.4,6.6,6.6,28,1.71,0.74,2.1,9.1,114.9,108.8
Devin Vassell,San,G-F,20.5,26,17.3,36.1,14,8.1,21,0.857,63,0.397,63,0.397,0.496,0.529,5.5,3.2,9.5,1.1,8.2,1.12,0.35,0.46,6.2,108.7,103.8
Gabe Vincent,Mia,G,24.69,21,15,31.3,20.7,12.9,17,0.882,48,0.521,73,0.233,0.417,0.451,5.5,1.1,4.3,1.3,13.4,0.38,0.05,0.9,5.3,87.9,102.7
Noah Vonleh,Bro,F,25.5,4,2.7,5.6,20.1,40,0,0,1,0,2,0,0,0,0,0.3,5.2,0.3,10.3,0,0,0.5,0,,
Nikola Vucevic,Orl,C,30.34,31,33.8,70.5,28.8,7.1,85,0.835,424,0.517,196,0.403,0.544,0.567,24.1,11.7,17.9,3.6,20.4,1.1,0.61,1.61,11.9,114.9,105.4
Dean Wade,Cle,F-C,24.26,23,8.4,17.4,13.7,16.3,5,0.8,16,0.375,33,0.333,0.459,0.479,2.1,1.3,8.4,0.4,7.2,0.22,0.09,0.43,4.9,93.1,110.6
Moritz Wagner,Was,F-C,23.83,16,13.6,28.2,16.5,10.4,29,0.655,44,0.705,21,0.286,0.615,0.637,6.2,2.8,10.8,1.1,12.1,0.69,0.38,0.56,7.9,121.7,96.6
Lonnie Walker IV,San,G-F,22.2,25,26.7,55.5,18.7,9,35,0.8,139,0.446,110,0.355,0.484,0.509,10.8,2.9,5.7,1.7,8.8,0.48,0.36,1.04,5.6,98.3,106.9
Kemba Walker,Bos,G,30.8,15,28.9,60.2,28.3,11.9,47,0.915,117,0.393,115,0.348,0.457,0.505,17,3.6,6.9,4.1,22,1.2,0.33,2.27,8.7,102.9,110.3
John Wall,Hou,G,30.47,20,30.9,64.3,30.6,15.3,97,0.753,219,0.479,114,0.351,0.495,0.536,20.2,3.7,6.2,6.3,35.1,0.95,0.65,3.4,10.1,103.4,110.3
Brad Wanamaker,Gol,G,31.58,31,16.5,34.4,15.3,15.2,48,0.875,84,0.417,51,0.235,0.393,0.474,4.8,1.9,5.9,2.7,21.2,0.84,0.13,0.9,7.1,102.2,104.6
T.J. Warren,Ind,F,27.47,4,29.4,61.1,22,6.7,10,0.8,44,0.614,7,0,0.529,0.56,15.5,3.5,6.6,1.3,6.6,0.5,0,1,5.6,107.2,102.5
P.J. Washington,Cha,F,22.51,26,29,60.4,18.9,16.7,69,0.754,159,0.478,89,0.36,0.5,0.539,11.5,6.3,11.8,3,14.9,0.96,1.23,2.15,8.3,104,105.1
Yuta Watanabe,Tor,G-F,26.37,20,12,25,11.2,12.8,8,1,23,0.261,28,0.429,0.471,0.514,2.8,3.2,14.5,0.4,3.9,0.45,0.6,0.4,5.1,107.4,103.5
Tremont Waters,Bos,G,23.12,9,10,20.9,20.6,29.9,8,0.875,15,0.2,12,0.25,0.278,0.36,2.4,0.9,4.9,2.8,35.4,0.56,0,1.44,7.3,81.6,108.9
Paul Watson,Tor,G,26.15,14,3.1,6.4,16,6.3,0,0,3,0.333,12,0.667,0.867,0.867,1.9,0.6,11.5,0.1,7.5,0,0.14,0.07,6.3,,
Quinndary Weatherspoon,San,G,24.45,5,4.8,10,21.2,50.5,2,1,4,0.25,1,0,0.2,0.34,0.8,0.4,4.3,0.6,15.2,0.2,0,1.2,4.8,46,83.4
Russell Westbrook,Was,G,32.28,21,33.9,70.7,31.1,19.2,116,0.612,302,0.46,80,0.288,0.454,0.483,19.9,9.7,15,9.7,45.3,0.76,0.33,4.9,14.5,97.2,106.5
Coby White,Chi,G,21.02,30,33.2,69.2,21.7,13.2,62,0.871,210,0.457,203,0.365,0.501,0.531,15.6,4.9,8.1,5.2,21.8,0.33,0.2,2.23,8.9,105.8,109.6
Derrick White,San,G,26.65,8,23.6,49.2,22.6,7,15,0.733,42,0.452,44,0.341,0.483,0.508,11.8,1.8,3.8,3.9,24,1,1,0.88,7.4,107.1,104.4
Hassan Whiteside,Sac,C,31.7,23,14.6,30.4,23.6,12.9,55,0.545,137,0.584,1,0,0.58,0.586,8.3,5.7,21.4,0.5,5.1,0.26,1.3,1.04,7.9,109.3,104.9
Andrew Wiggins,Gol,F,26,31,32.2,67.2,23.4,10.7,103,0.67,287,0.526,160,0.369,0.536,0.557,17.7,4.8,7.8,2.2,10.3,0.74,1.23,1.9,7.1,103.5,107.1
Robert Williams III,Bos,C-F,23.35,23,15.4,32.2,14.9,17.8,24,0.667,90,0.733,1,0,0.725,0.729,6.4,5.7,20.5,0.8,8.1,1.04,1.39,0.96,8,132.4,98.3
Grant Williams,Bos,F,22.23,24,19.3,40.1,12.8,16.6,29,0.517,50,0.48,53,0.415,0.553,0.557,5.4,3.1,8.9,1,6.7,0.46,0.42,0.96,5.3,105.9,99.9
Kenrich Williams,Okc,G-F,26.23,31,18.5,38.5,13.1,15.1,21,0.619,97,0.588,40,0.4,0.591,0.598,5.6,4,11.4,1.7,13.3,0.84,0.19,0.84,7.3,118.1,103
Lou Williams,Lac,G,34.33,30,22.4,46.8,26.1,11.3,84,0.857,231,0.437,85,0.376,0.472,0.524,12.3,2.4,6.1,3.8,25.2,0.83,0.1,1.5,8.6,109.4,111.1
Zion Williamson,Nor,F,20.63,29,32.8,68.3,28,11.2,229,0.712,436,0.626,17,0.353,0.623,0.656,25.1,6.8,11.6,3.1,16.5,0.97,0.69,2.41,9.9,125.8,110.5
Patrick Williams,Chi,F,19.5,29,28.3,58.9,16,15,61,0.803,168,0.494,66,0.394,0.521,0.562,10.1,4.8,9.4,1.2,5.5,0.72,0.66,1.59,5.5,102.5,107.6
D.J. Wilson,Mil,F,25.01,10,9.4,19.7,18.6,9.6,2,0.5,14,0.429,23,0.348,0.486,0.488,3.7,2.2,12.2,0.3,4.1,0.1,0.3,0.4,5.7,95.4,100.5
Dylan Windler,Cle,G-F,24.42,17,17.9,37.4,14.3,14.8,19,0.895,32,0.594,46,0.304,0.513,0.562,5.7,3.6,11.4,1.2,9.8,0.53,0.53,0.88,6.5,108.8,110.8
Justise Winslow,Mem,F-G,24.91,2,23.4,48.8,26.1,10.4,4,0.5,15,0.133,9,0.222,0.208,0.233,6,5,11.7,1,5.4,0.5,0,1.5,5.3,56.7,105.3
Cassius Winston,Was,G,22.99,6,7.3,15.2,11.2,8.4,2,1,3,0.333,7,0.429,0.55,0.597,2.2,0.7,4.8,1,17.9,0,0.17,0.17,6.3,126.9,111.1
James Wiseman,Gol,C,19.9,20,20.9,43.6,25.7,12.6,61,0.623,173,0.514,22,0.409,0.526,0.548,12.2,6.1,15.1,0.7,5.4,0.4,1.3,1.6,7.1,99.6,95.9
Robert Woodard II,Sac,F,21.42,6,2.9,5.9,32,7.8,2,0,8,0.625,3,0.333,0.591,0.547,2.2,1.3,25.4,0,0,0,0,0.17,0,,
Christian Wood,Hou,F,25.41,17,31.2,65,26.2,9.5,64,0.688,191,0.613,76,0.421,0.618,0.634,22,10.2,17.3,1.3,7.7,0.94,1.53,1.82,8.5,115.9,103.9
Delon Wright,Det,G,28.83,29,29.2,60.9,15.6,11.8,79,0.785,162,0.506,73,0.384,0.528,0.575,10.7,4.6,8.8,4.9,25.5,1.41,0.52,1.24,8.5,122.1,111.6
Thaddeus Young,Chi,F,32.67,26,25.2,52.4,19.5,17,40,0.5,210,0.643,21,0.238,0.617,0.613,11.7,5.9,13,4.3,25.8,1.23,0.54,1.96,10.6,120.2,102.7
Trae Young,Atl,G,22.43,28,34.8,72.4,32.4,16.1,287,0.885,320,0.472,174,0.379,0.506,0.608,26.9,3.9,6.1,9.5,45.9,0.86,0.25,4.25,11.5,119.5,111.8
Cody Zeller,Cha,F-C,28.38,17,23.7,49.4,17.6,11.4,33,0.758,115,0.565,18,0.167,0.523,0.556,9.6,7.7,17.5,2.5,15.4,0.59,0.59,1.12,9.6,117.8,101.9
Ivica Zubac,Lac,C,23.94,32,19.5,40.6,15.4,14.8,77,0.831,150,0.673,1,0,0.669,0.719,8.3,6.7,19.4,1.1,7.9,0.38,0.75,1,8.1,138.4,99.1
Justin Patton,Hou,C,23.7,1,21.5,44.8,11.9,0,0,0,4,0.5,2,0,0.333,0.333,4,6,14.7,0,0,0,3,0,0,78.8,92.9